元ファイル,キャビティ厚み[mm],加熱シリンダ温度[℃],射出速度[mm/s],(1)HA-V05_最高値(℃),(1)HA-V05_最高値の時間(s),(1)HA-V05_0.7秒前の値(V),(1)HA-V05_0.7秒前の時間(s),(1)HA-V05_立ち上がり値(V),(1)HA-V05_立ち上がり時間(s)
001_190℃_020_0.5mm.csv,0.5,190,20,189.8478791,3.252614,1.389828871,2.552614,2.000482949,3.243512
002_190℃_020_0.5mm.csv,0.5,190,20,189.8684522,3.253242,1.389739979,2.553242,2.000253029,3.24414
003_190℃_020_0.5mm.csv,0.5,190,20,189.9256322,3.252696,1.392427292,2.552696,2.000000533,3.243624
004_190℃_020_0.5mm.csv,0.5,190,20,189.8772091,3.251246,1.392198036,2.551246,2.000575572,3.242068
005_190℃_020_0.5mm.csv,0.5,190,20,189.8958877,3.250514,1.390865056,2.550514,2.000652459,3.24138
006_190℃_020_0.5mm.csv,0.5,190,20,190.0399339,3.250322,1.390559402,2.55032,2.000770802,3.24104
007_190℃_020_0.5mm.csv,0.5,190,20,190.0686387,3.254664,1.391204888,2.554664,2.000317728,3.245448
008_190℃_020_0.5mm.csv,0.5,190,20,189.9896898,3.249252,1.394128079,2.549252,2.000468237,3.239964
009_190℃_020_0.5mm.csv,0.5,190,20,189.9040552,3.250486,1.396961856,2.550486,2.000527973,3.241234
010_190℃_020_0.5mm.csv,0.5,190,20,189.9363091,3.251698,1.395410389,2.551698,2.000296432,3.242424
011_190℃_040_0.5mm.csv,0.5,190,40,189.9828457,2.83978,1.390716783,2.13978,2.000122025,2.829568
012_190℃_040_0.5mm.csv,0.5,190,40,190.0480504,2.840358,1.389902233,2.140358,2.000540053,2.830022
013_190℃_040_0.5mm.csv,0.5,190,40,190.111238,2.840212,1.387654953,2.140212,2.000291926,2.829958
014_190℃_040_0.5mm.csv,0.5,190,40,190.0378491,2.840672,1.389722617,2.140672,2.000873612,2.830548
015_190℃_040_0.5mm.csv,0.5,190,40,190.092835,2.841036,1.390372916,2.141036,2.000147092,2.830882
016_190℃_040_0.5mm.csv,0.5,190,40,190.1295151,2.84097,1.391928718,2.14097,2.00036239,2.830672
017_190℃_040_0.5mm.csv,0.5,190,40,190.0604562,2.83993,1.39253189,2.139928,2.00012649,2.829762
018_190℃_040_0.5mm.csv,0.5,190,40,189.9416839,2.840752,1.392660105,2.140752,2.000393282,2.83055
019_190℃_040_0.5mm.csv,0.5,190,40,189.8794477,2.841274,1.393640203,2.141274,2.000650074,2.831164
020_190℃_040_0.5mm.csv,0.5,190,40,189.8215806,2.840856,1.391870521,2.140856,2.000738417,2.830784
021_190℃_080_0.5mm.csv,0.5,190,80,198.4371558,2.634838,1.393869309,1.934838,2.000886501,2.62127
022_190℃_080_0.5mm.csv,0.5,190,80,198.6376861,2.63521,1.391888563,1.93521,2.000255358,2.621622
023_190℃_080_0.5mm.csv,0.5,190,80,198.7656855,2.635212,1.394682522,1.93521,2.000941839,2.621554
024_190℃_080_0.5mm.csv,0.5,190,80,198.3724882,2.638816,1.396901965,1.938816,2.000681186,2.625634
025_190℃_080_0.5mm.csv,0.5,190,80,198.6792126,2.63499,1.395322861,1.934988,2.000718825,2.621508
026_190℃_080_0.5mm.csv,0.5,190,80,198.5152282,2.63499,1.395452757,1.934988,2.000264075,2.621616
027_190℃_080_0.5mm.csv,0.5,190,80,198.4860282,2.634542,1.396679708,1.93454,2.000135018,2.621446
028_190℃_080_0.5mm.csv,0.5,190,80,198.5899994,2.634906,1.39998708,1.934906,2.000754138,2.621734
029_190℃_080_0.5mm.csv,0.5,190,80,198.4521119,2.638964,1.398944373,1.938964,2.000011194,2.625852
030_190℃_080_0.5mm.csv,0.5,190,80,198.3500677,2.634824,1.397243438,1.934824,2.000823961,2.621724
031_190℃_120_0.5mm.csv,0.5,190,120,,2.597822,1.39455631,1.897822,2.00052049,2.557566
032_190℃_120_0.5mm.csv,0.5,190,120,,2.596468,1.392603926,1.896468,2.000513575,2.555058
033_190℃_120_0.5mm.csv,0.5,190,120,214.3174728,2.594352,1.399597751,1.894352,2.0009132,2.554412
034_190℃_120_0.5mm.csv,0.5,190,120,214.5233391,2.59451,1.395747324,1.89451,2.000894092,2.554312
035_190℃_120_0.5mm.csv,0.5,190,120,214.5982576,2.595,1.392516071,1.894998,2.000660174,2.554306
036_190℃_120_0.5mm.csv,0.5,190,120,214.8893533,2.595492,1.394172582,1.89549,2.000676544,2.554342
037_190℃_120_0.5mm.csv,0.5,190,120,214.6828121,2.59549,1.394641871,1.89549,2.000889117,2.55443
038_190℃_120_0.5mm.csv,0.5,190,120,214.9302897,2.595336,1.39747962,1.895336,2.000123078,2.554258
039_190℃_120_0.5mm.csv,0.5,190,120,214.6601621,2.594388,1.394134172,1.894388,2.000116868,2.554406
040_190℃_120_0.5mm.csv,0.5,190,120,214.6416625,2.594898,1.394677657,1.894896,2.000339185,2.554142
041_190℃_160_0.5mm.csv,0.5,190,160,215.9667699,2.555222,1.405638089,1.855222,2.000986167,2.520496
042_190℃_160_0.5mm.csv,0.5,190,160,215.9527616,2.55408,1.405370355,1.85408,2.000200016,2.520304
043_190℃_160_0.5mm.csv,0.5,190,160,216.1369149,2.55332,1.406224789,1.85332,2.000617963,2.520646
044_190℃_160_0.5mm.csv,0.5,190,160,215.8932334,2.55394,1.404657446,1.85394,2.000224992,2.52053
045_190℃_160_0.5mm.csv,0.5,190,160,216.0020534,2.554774,1.405458391,1.854774,2.000525558,2.520634
046_190℃_160_0.5mm.csv,0.5,190,160,216.1358621,2.552796,1.405328778,1.852796,2.000740813,2.520516
047_190℃_160_0.5mm.csv,0.5,190,160,216.2122562,2.552886,1.402309905,1.852886,2.000791591,2.520696
048_190℃_160_0.5mm.csv,0.5,190,160,216.1181976,2.553062,1.404634001,1.85306,2.000658033,2.520588
049_190℃_160_0.5mm.csv,0.5,190,160,215.8859787,2.554048,1.402462383,1.854048,2.000852911,2.5208
050_190℃_160_0.5mm.csv,0.5,190,160,216.1732083,2.554162,1.404212632,1.854162,2.000720272,2.520476
051_190℃_200_0.5mm.csv,0.5,190,200,215.736998,2.529858,1.402907374,1.829858,2.00004116,2.500052
052_190℃_200_0.5mm.csv,0.5,190,200,216.2079533,2.529498,1.402845798,1.829498,2.000366468,2.499956
053_190℃_200_0.5mm.csv,0.5,190,200,216.2064681,2.5325,1.405004066,1.832498,2.000719459,2.503796
054_190℃_200_0.5mm.csv,0.5,190,200,216.3800564,2.528128,1.400678861,1.828126,2.000848118,2.499934
055_190℃_200_0.5mm.csv,0.5,190,200,216.2604689,2.527312,1.399200342,1.827312,2.000594889,2.499848
056_190℃_200_0.5mm.csv,0.5,190,200,216.4039308,2.532404,1.403044084,1.832404,2.000344609,2.504004
057_190℃_200_0.5mm.csv,0.5,190,200,216.3934636,2.532512,1.404902137,1.832512,2.000494843,2.50397
058_190℃_200_0.5mm.csv,0.5,190,200,216.3360051,2.531228,1.40304622,1.831228,2.000547925,2.50395
059_190℃_200_0.5mm.csv,0.5,190,200,216.3240815,2.529348,1.401631341,1.829346,2.000785547,2.499818
060_190℃_200_0.5mm.csv,0.5,190,200,216.3945067,2.528562,1.405941953,1.828562,2.000672133,2.499734
061_190℃_240_0.5mm.csv,0.5,190,240,216.0765205,2.512658,1.386915839,1.812658,2.000224718,2.486574
062_190℃_240_0.5mm.csv,0.5,190,240,216.230751,2.513584,1.388616904,1.813584,2.000455272,2.48646
063_190℃_240_0.5mm.csv,0.5,190,240,216.3131597,2.512576,1.389802436,1.812574,2.000961375,2.486666
064_190℃_240_0.5mm.csv,0.5,190,240,216.3537981,2.512706,1.392153474,1.812706,2.000341256,2.48654
065_190℃_240_0.5mm.csv,0.5,190,240,216.5261891,2.51391,1.388631894,1.81391,2.000801095,2.486564
066_190℃_240_0.5mm.csv,0.5,190,240,216.3534153,2.513328,1.390223088,1.813328,2.000772617,2.486696
067_190℃_240_0.5mm.csv,0.5,190,240,216.5296675,2.51419,1.392742268,1.814188,2.000002097,2.486666
068_190℃_240_0.5mm.csv,0.5,190,240,216.653068,2.520026,1.394043844,1.820026,2.000893432,2.490546
069_190℃_240_0.5mm.csv,0.5,190,240,216.3505065,2.51504,1.395403824,1.81504,2.000775343,2.48672
070_190℃_240_0.5mm.csv,0.5,190,240,216.6165402,2.514582,1.396641847,1.814582,2.000640376,2.486536
071_190℃_280_0.5mm.csv,0.5,190,280,216.0113941,2.50605,1.393899211,1.806048,2.00073723,2.477164
072_190℃_280_0.5mm.csv,0.5,190,280,216.0299687,2.511896,1.396878321,1.811894,2.000412554,2.481504
073_190℃_280_0.5mm.csv,0.5,190,280,216.0481494,2.506624,1.393799482,1.806624,2.000991301,2.47727
074_190℃_280_0.5mm.csv,0.5,190,280,216.193764,2.508496,1.394778197,1.808496,2.000741452,2.481302
075_190℃_280_0.5mm.csv,0.5,190,280,216.0984126,2.511412,1.391734615,1.811412,2.000283301,2.481398
076_190℃_280_0.5mm.csv,0.5,190,280,216.1537469,2.507166,1.395675914,1.807166,2.000733491,2.477392
077_190℃_280_0.5mm.csv,0.5,190,280,216.0716439,2.504704,1.394274364,1.804704,2.000251518,2.477268
078_190℃_280_0.5mm.csv,0.5,190,280,215.8524843,2.507874,1.395873864,1.807872,2.000894329,2.477454
079_190℃_280_0.5mm.csv,0.5,190,280,216.4266027,2.505194,1.39360793,1.805194,2.00048861,2.477334
080_190℃_280_0.5mm.csv,0.5,190,280,216.1625688,2.506762,1.393488642,1.80676,2.000822534,2.47731
081_190℃_320_0.5mm.csv,0.5,190,320,215.1301708,2.501606,1.389978167,1.801606,2.000152658,2.47086
082_190℃_320_0.5mm.csv,0.5,190,320,215.3516814,2.500808,1.388616355,1.800806,2.00037064,2.470736
083_190℃_320_0.5mm.csv,0.5,190,320,215.4943537,2.501502,1.391253575,1.801502,2.000015535,2.470632
084_190℃_320_0.5mm.csv,0.5,190,320,215.9292196,2.500464,1.393520859,1.800464,2.000785645,2.470418
085_190℃_320_0.5mm.csv,0.5,190,320,215.9501078,2.50579,1.392427602,1.805788,2.00077097,2.47442
086_190℃_320_0.5mm.csv,0.5,190,320,216.0256488,2.502306,1.39545413,1.802306,2.000855525,2.47039
087_190℃_320_0.5mm.csv,0.5,190,320,215.8708862,2.500764,1.393323988,1.800764,2.000667127,2.470454
088_190℃_320_0.5mm.csv,0.5,190,320,216.0610994,2.500978,1.392455471,1.800978,2.00074602,2.470394
089_190℃_320_0.5mm.csv,0.5,190,320,216.1005341,2.501468,1.393239347,1.801468,2.000128333,2.470346
090_190℃_320_0.5mm.csv,0.5,190,320,216.0766778,2.501114,1.389080939,1.801114,2.00066929,2.47036
001_210℃_020_0.5mm.csv,0.5,210,20,194.1963843,3.281992,1.500096779,2.58199,2.000292725,3.271154
002_210℃_020_0.5mm.csv,0.5,210,20,194.251071,3.279486,1.500044866,2.579486,2.000558523,3.268838
003_210℃_020_0.5mm.csv,0.5,210,20,194.3047819,3.280314,1.498562449,2.580312,2.000177901,3.269628
004_210℃_020_0.5mm.csv,0.5,210,20,194.0327522,3.28425,1.496713835,2.58425,2.000615016,3.273616
005_210℃_020_0.5mm.csv,0.5,210,20,193.9060584,3.283368,1.492839759,2.583368,2.00052655,3.27276
006_210℃_020_0.5mm.csv,0.5,210,20,193.8561164,3.28551,1.491996382,2.58551,2.000171782,3.274952
007_210℃_020_0.5mm.csv,0.5,210,20,193.6951685,3.282142,1.48790925,2.582142,2.000207911,3.271492
008_210℃_020_0.5mm.csv,0.5,210,20,193.3580184,3.281344,1.48109638,2.581342,2.00049283,3.270762
009_210℃_020_0.5mm.csv,0.5,210,20,193.2726954,3.280294,1.481150744,2.580294,2.000432623,3.26976
010_210℃_020_0.5mm.csv,0.5,210,20,193.093582,3.283622,1.476603837,2.583622,2.000645212,3.273068
011_210℃_040_0.5mm.csv,0.5,210,40,202.9630672,2.836468,1.394806431,2.136468,2.000670618,2.82807
012_210℃_040_0.5mm.csv,0.5,210,40,202.9705645,2.83961,1.393670438,2.13961,2.000729881,2.83129
013_210℃_040_0.5mm.csv,0.5,210,40,203.0544828,2.836684,1.390080609,2.136684,2.00088953,2.828302
014_210℃_040_0.5mm.csv,0.5,210,40,203.0434261,2.836806,1.389280126,2.136806,2.000267462,2.828468
015_210℃_040_0.5mm.csv,0.5,210,40,203.0596366,2.836578,1.389917732,2.136578,2.000126855,2.828248
016_210℃_040_0.5mm.csv,0.5,210,40,203.0573077,2.835506,1.387762484,2.135506,2.000389336,2.827154
017_210℃_040_0.5mm.csv,0.5,210,40,203.0903918,2.83957,1.384859425,2.13957,2.0004739,2.831198
018_210℃_040_0.5mm.csv,0.5,210,40,203.0930957,2.835334,1.385868325,2.135334,2.000985621,2.827016
019_210℃_040_0.5mm.csv,0.5,210,40,203.0661081,2.8344,1.384478578,2.1344,2.000708762,2.826096
020_210℃_040_0.5mm.csv,0.5,210,40,203.1010663,2.834892,1.384947618,2.134892,2.000458327,2.826546
021_210℃_080_0.5mm.csv,0.5,210,80,212.4133439,2.629866,1.373018126,1.929866,2.001217953,2.619474
022_210℃_080_0.5mm.csv,0.5,210,80,212.3581281,2.634322,1.372203868,1.934322,2.000605791,2.624
023_210℃_080_0.5mm.csv,0.5,210,80,212.4328465,2.63037,1.373809908,1.93037,2.00082422,2.620022
024_210℃_080_0.5mm.csv,0.5,210,80,212.3686096,2.630496,1.371906922,1.930496,2.000440902,2.620164
025_210℃_080_0.5mm.csv,0.5,210,80,212.4442292,2.63045,1.37329685,1.930448,2.001264879,2.620084
026_210℃_080_0.5mm.csv,0.5,210,80,212.4210057,2.630974,1.375247488,1.930972,2.000094323,2.620666
027_210℃_080_0.5mm.csv,0.5,210,80,212.4644243,2.630482,1.376262092,1.930482,2.000824177,2.62014
028_210℃_080_0.5mm.csv,0.5,210,80,212.4035057,2.63106,1.371850566,1.931058,2.00033416,2.62074
029_210℃_080_0.5mm.csv,0.5,210,80,212.424876,2.631468,1.368096866,1.931468,2.000013237,2.621146
030_210℃_080_0.5mm.csv,0.5,210,80,212.4065199,2.631352,1.37019951,1.93135,2.000316559,2.621018
031_210℃_120_0.5mm.csv,0.5,210,120,229.2602592,2.595574,1.366797305,1.895574,2.001229903,2.552992
032_210℃_120_0.5mm.csv,0.5,210,120,229.1998602,2.595794,1.371006155,1.895792,2.00099575,2.55327
033_210℃_120_0.5mm.csv,0.5,210,120,229.3100293,2.59566,1.370945247,1.89566,2.000165884,2.553044
034_210℃_120_0.5mm.csv,0.5,210,120,229.3118732,2.59548,1.369228657,1.89548,2.001125402,2.55332
035_210℃_120_0.5mm.csv,0.5,210,120,229.3827864,2.595758,1.373209901,1.895758,2.001279759,2.552944
036_210℃_120_0.5mm.csv,0.5,210,120,229.4555601,2.595894,1.371393693,1.895894,2.0001955,2.553052
037_210℃_120_0.5mm.csv,0.5,210,120,229.3119743,2.595988,1.373432745,1.895986,2.000655743,2.553078
038_210℃_120_0.5mm.csv,0.5,210,120,229.2388719,2.595916,1.368444301,1.895916,2.001289556,2.553318
039_210℃_120_0.5mm.csv,0.5,210,120,229.3634027,2.595934,1.369636161,1.895932,2.001218905,2.55324
040_210℃_120_0.5mm.csv,0.5,210,120,229.3704188,2.595856,1.373262207,1.895856,2.000604822,2.552878
041_210℃_160_0.5mm.csv,0.5,210,160,,2.5539,1.360816634,1.8539,2.001056351,2.52054
042_210℃_160_0.5mm.csv,0.5,210,160,,2.55309,1.361831182,1.85309,2.001004305,2.52023
043_210℃_160_0.5mm.csv,0.5,210,160,230.2559314,2.553072,1.364408816,1.853072,2.000095036,2.519656
044_210℃_160_0.5mm.csv,0.5,210,160,230.7737215,2.552744,1.366345343,1.852742,2.001337842,2.51935
045_210℃_160_0.5mm.csv,0.5,210,160,230.8901554,2.552364,1.368550075,1.852364,2.000333796,2.519224
046_210℃_160_0.5mm.csv,0.5,210,160,230.8680694,2.552782,1.365117937,1.85278,2.00032486,2.519386
047_210℃_160_0.5mm.csv,0.5,210,160,230.8845721,2.551902,1.366251268,1.8519,2.001235644,2.519376
048_210℃_160_0.5mm.csv,0.5,210,160,230.9159861,2.55204,1.365653361,1.85204,2.001022796,2.519504
049_210℃_160_0.5mm.csv,0.5,210,160,231.0567012,2.553068,1.36035863,1.853066,2.001160506,2.519306
050_210℃_160_0.5mm.csv,0.5,210,160,231.1641208,2.552654,1.363947654,1.852654,2.000988651,2.519256
051_210℃_200_0.5mm.csv,0.5,210,200,231.8135603,2.530824,1.366965686,1.830824,2.000104314,2.502554
052_210℃_200_0.5mm.csv,0.5,210,200,231.808128,2.526656,1.368369024,1.826656,2.000309113,2.49861
053_210℃_200_0.5mm.csv,0.5,210,200,231.9304584,2.52773,1.369550844,1.82773,2.001106599,2.498428
054_210℃_200_0.5mm.csv,0.5,210,200,231.6735035,2.52708,1.368620849,1.82708,2.000773445,2.498946
055_210℃_200_0.5mm.csv,0.5,210,200,231.6734545,2.526964,1.369084065,1.826964,2.000500062,2.498998
056_210℃_200_0.5mm.csv,0.5,210,200,231.8192779,2.527402,1.370768276,1.827402,2.000213971,2.49873
057_210℃_200_0.5mm.csv,0.5,210,200,231.8086126,2.52733,1.369739479,1.82733,2.000092855,2.498808
058_210℃_200_0.5mm.csv,0.5,210,200,231.8562847,2.52714,1.372732297,1.827138,2.000875855,2.498628
059_210℃_200_0.5mm.csv,0.5,210,200,231.689971,2.527848,1.365735028,1.827848,2.000562564,2.498912
060_210℃_200_0.5mm.csv,0.5,210,200,231.8007504,2.526812,1.370497107,1.826812,2.001303724,2.49874
061_210℃_240_0.5mm.csv,0.5,210,240,231.2969103,2.512318,1.370771213,1.812318,2.000612411,2.485554
062_210℃_240_0.5mm.csv,0.5,210,240,231.6512555,2.516362,1.370591454,1.816362,2.000656581,2.489532
063_210℃_240_0.5mm.csv,0.5,210,240,231.7201538,2.512222,1.372708738,1.812222,2.001318299,2.485442
064_210℃_240_0.5mm.csv,0.5,210,240,231.8262276,2.516222,1.373232218,1.816222,2.00020983,2.489318
065_210℃_240_0.5mm.csv,0.5,210,240,231.8682635,2.51197,1.373419245,1.81197,2.000524063,2.485268
066_210℃_240_0.5mm.csv,0.5,210,240,231.9377119,2.512492,1.371982612,1.812492,2.000784719,2.485226
067_210℃_240_0.5mm.csv,0.5,210,240,231.9622713,2.5118,1.37706319,1.8118,2.000280921,2.485394
068_210℃_240_0.5mm.csv,0.5,210,240,231.7483031,2.51281,1.377481535,1.81281,2.001353551,2.485616
069_210℃_240_0.5mm.csv,0.5,210,240,231.6295033,2.51288,1.3764826,1.81288,2.000640082,2.485754
070_210℃_240_0.5mm.csv,0.5,210,240,231.6740894,2.512262,1.376024291,1.812262,2.00135251,2.485762
071_210℃_280_0.5mm.csv,0.5,210,280,231.214248,2.503976,1.372476038,1.803974,2.000604969,2.47647
072_210℃_280_0.5mm.csv,0.5,210,280,231.3516195,2.507344,1.371303222,1.807344,2.000009661,2.480272
073_210℃_280_0.5mm.csv,0.5,210,280,231.5052728,2.50405,1.372344477,1.80405,2.000660658,2.476354
074_210℃_280_0.5mm.csv,0.5,210,280,231.6405542,2.50375,1.380892246,1.803748,2.000014654,2.476254
075_210℃_280_0.5mm.csv,0.5,210,280,231.6682667,2.503996,1.379528716,1.803996,2.000097524,2.476254
076_210℃_280_0.5mm.csv,0.5,210,280,231.7385561,2.503696,1.378490731,1.803694,2.000502558,2.476146
077_210℃_280_0.5mm.csv,0.5,210,280,231.6938845,2.503856,1.372722883,1.803856,2.001211181,2.47622
078_210℃_280_0.5mm.csv,0.5,210,280,231.65967,2.50393,1.37377318,1.80393,2.001410101,2.47627
079_210℃_280_0.5mm.csv,0.5,210,280,231.757272,2.503702,1.373605038,1.803702,2.000026891,2.476254
080_210℃_280_0.5mm.csv,0.5,210,280,231.7249273,2.50386,1.370011318,1.80386,2.000892904,2.476288
081_210℃_320_0.5mm.csv,0.5,210,320,231.696168,2.496734,1.36850413,1.796734,2.000466092,2.469224
082_210℃_320_0.5mm.csv,0.5,210,320,231.5680706,2.497952,1.369401145,1.79795,2.000551357,2.469292
083_210℃_320_0.5mm.csv,0.5,210,320,231.6353916,2.496938,1.372204573,1.796938,2.000012129,2.46907
084_210℃_320_0.5mm.csv,0.5,210,320,231.5347317,2.501506,1.371296798,1.801506,2.001016249,2.473386
085_210℃_320_0.5mm.csv,0.5,210,320,231.6771379,2.497156,1.373369382,1.797156,2.0001996,2.46913
086_210℃_320_0.5mm.csv,0.5,210,320,231.5608355,2.497744,1.369505842,1.797744,2.000600962,2.469374
087_210℃_320_0.5mm.csv,0.5,210,320,231.3110767,2.498904,1.370329381,1.798904,2.001111102,2.469748
088_210℃_320_0.5mm.csv,0.5,210,320,231.3972786,2.502516,1.372219204,1.802516,2.000791792,2.473636
089_210℃_320_0.5mm.csv,0.5,210,320,231.4693148,2.498284,1.371385064,1.798284,2.000324644,2.469434
090_210℃_320_0.5mm.csv,0.5,210,320,231.5588442,2.498122,1.374232691,1.798122,2.000859824,2.469372
001_230℃_020_0.5mm.csv,0.5,230,20,197.6549943,3.268554,1.507178707,2.568554,2.000373996,3.259094
002_230℃_020_0.5mm.csv,0.5,230,20,198.0554973,3.266886,1.517470405,2.566886,2.000306921,3.257404
003_230℃_020_0.5mm.csv,0.5,230,20,197.9637539,3.266296,1.52485248,2.566294,2.000178249,3.256792
004_230℃_020_0.5mm.csv,0.5,230,20,198.0274833,3.266154,1.529539792,2.566154,2.000179064,3.25663
005_230℃_020_0.5mm.csv,0.5,230,20,198.0945077,3.268988,1.535008729,2.568988,2.000121387,3.259448
006_230℃_020_0.5mm.csv,0.5,230,20,197.9614356,3.266304,1.540363006,2.566304,2.000223207,3.256772
007_230℃_020_0.5mm.csv,0.5,230,20,197.9903474,3.267538,1.549000887,2.567538,2.000198654,3.257968
008_230℃_020_0.5mm.csv,0.5,230,20,197.7807458,3.267526,1.552242739,2.567526,2.000029441,3.257918
009_230℃_020_0.5mm.csv,0.5,230,20,197.488068,3.267468,1.556154415,2.567468,2.000153634,3.257882
010_230℃_020_0.5mm.csv,0.5,230,20,197.4983028,3.266934,1.564362128,2.566934,2.000130844,3.257306
011_230℃_040_0.5mm.csv,0.5,230,40,218.08963,2.829562,1.58352816,2.129562,2.000161993,2.821342
012_230℃_040_0.5mm.csv,0.5,230,40,218.0547967,2.829546,1.589139381,2.129544,2.000485269,2.821318
013_230℃_040_0.5mm.csv,0.5,230,40,218.1264401,2.829674,1.591175483,2.129672,2.000616728,2.821444
014_230℃_040_0.5mm.csv,0.5,230,40,218.205047,2.82966,1.59361548,2.12966,2.00045735,2.82141
015_230℃_040_0.5mm.csv,0.5,230,40,218.2427854,2.828928,1.59609078,2.128928,2.000251949,2.820666
016_230℃_040_0.5mm.csv,0.5,230,40,218.2077076,2.829774,1.599954955,2.129774,2.000139612,2.821498
017_230℃_040_0.5mm.csv,0.5,230,40,218.1752091,2.829968,1.605123381,2.129968,2.000415604,2.821696
018_230℃_040_0.5mm.csv,0.5,230,40,218.1221091,2.83066,1.606604708,2.13066,2.000640195,2.822368
019_230℃_040_0.5mm.csv,0.5,230,40,218.1884817,2.830112,1.606780443,2.13011,2.000329119,2.821842
020_230℃_040_0.5mm.csv,0.5,230,40,218.1024685,2.828744,1.603479729,2.128744,2.000285639,2.820528
021_230℃_080_0.5mm.csv,0.5,230,80,227.9129871,2.627782,1.610148267,1.927782,2.000605678,2.618418
022_230℃_080_0.5mm.csv,0.5,230,80,227.9562227,2.627326,1.606950086,1.927326,2.000439632,2.617962
023_230℃_080_0.5mm.csv,0.5,230,80,227.9694763,2.62729,1.608950513,1.92729,2.000978919,2.617932
024_230℃_080_0.5mm.csv,0.5,230,80,227.9473332,2.627364,1.608680542,1.927364,2.000433641,2.617996
025_230℃_080_0.5mm.csv,0.5,230,80,228.1104153,2.627418,1.613100078,1.927418,2.000842701,2.617532
026_230℃_080_0.5mm.csv,0.5,230,80,227.9724909,2.627884,1.611444093,1.927884,2.001055417,2.618492
027_230℃_080_0.5mm.csv,0.5,230,80,228.0089163,2.627492,1.615944531,1.92749,2.00052786,2.618118
028_230℃_080_0.5mm.csv,0.5,230,80,227.703932,2.627448,1.616181777,1.927448,2.000139111,2.61785
029_230℃_080_0.5mm.csv,0.5,230,80,228.0442547,2.627526,1.612340187,1.927526,2.000895751,2.61814
030_230℃_080_0.5mm.csv,0.5,230,80,228.0833805,2.627186,1.611852886,1.927186,2.000616453,2.617818
031_230℃_120_0.5mm.csv,0.5,230,120,243.0558434,2.596316,1.637793697,1.896316,2.001054751,2.551744
032_230℃_120_0.5mm.csv,0.5,230,120,243.1299087,2.59658,1.640130195,1.89658,2.000941491,2.551662
033_230℃_120_0.5mm.csv,0.5,230,120,243.2096719,2.595948,1.639593488,1.895948,2.000111001,2.551522
034_230℃_120_0.5mm.csv,0.5,230,120,243.3733027,2.601324,1.639067666,1.901324,2.000463343,2.555338
035_230℃_120_0.5mm.csv,0.5,230,120,243.1979387,2.596112,1.639282579,1.89611,2.000659155,2.55147
036_230℃_120_0.5mm.csv,0.5,230,120,243.3900393,2.596072,1.639391431,1.896072,2.000646081,2.551272
037_230℃_120_0.5mm.csv,0.5,230,120,243.2969132,2.597236,1.634933695,1.897236,2.000961453,2.551564
038_230℃_120_0.5mm.csv,0.5,230,120,243.2761991,2.596066,1.636687097,1.896066,2.000105776,2.551666
039_230℃_120_0.5mm.csv,0.5,230,120,243.1621337,2.600812,1.634499669,1.900812,2.000296253,2.555898
040_230℃_120_0.5mm.csv,0.5,230,120,243.2563445,2.59683,1.632807975,1.896828,2.001071892,2.551818
041_230℃_160_0.5mm.csv,0.5,230,160,245.4519382,2.552864,1.645418556,1.852864,2.000570236,2.518092
042_230℃_160_0.5mm.csv,0.5,230,160,245.5148995,2.553604,1.645867028,1.853604,2.000221676,2.517986
043_230℃_160_0.5mm.csv,0.5,230,160,245.4193993,2.552258,1.64593434,1.852256,2.000901096,2.51812
044_230℃_160_0.5mm.csv,0.5,230,160,245.1773083,2.552718,1.647167188,1.852718,2.000718947,2.51848
045_230℃_160_0.5mm.csv,0.5,230,160,245.0801078,2.553506,1.643871603,1.853506,2.000748718,2.518712
046_230℃_160_0.5mm.csv,0.5,230,160,245.5551256,2.553552,1.643818261,1.853552,2.000428536,2.517988
047_230℃_160_0.5mm.csv,0.5,230,160,245.5802823,2.552594,1.647859213,1.852594,2.000774141,2.518034
048_230℃_160_0.5mm.csv,0.5,230,160,245.4752497,2.55347,1.649601373,1.85347,2.001190999,2.51784
049_230℃_160_0.5mm.csv,0.5,230,160,245.5656715,2.553176,1.650310213,1.853174,2.000199137,2.517882
050_230℃_160_0.5mm.csv,0.5,230,160,245.5589242,2.552112,1.647240773,1.85211,2.00116771,2.517988
051_230℃_200_0.5mm.csv,0.5,230,200,246.4581825,2.530338,1.615287934,1.830338,2.000832106,2.50141
052_230℃_200_0.5mm.csv,0.5,230,200,246.3916759,2.52636,1.611866435,1.82636,2.000332182,2.497542
053_230℃_200_0.5mm.csv,0.5,230,200,246.4208554,2.527088,1.609255385,1.827088,2.000377247,2.497624
054_230℃_200_0.5mm.csv,0.5,230,200,246.4555921,2.52659,1.607935529,1.826588,2.000028111,2.497628
055_230℃_200_0.5mm.csv,0.5,230,200,246.33623,2.526334,1.604721997,1.826334,2.000636036,2.497894
056_230℃_200_0.5mm.csv,0.5,230,200,246.3493583,2.526326,1.607139647,1.826326,2.001348035,2.497906
057_230℃_200_0.5mm.csv,0.5,230,200,246.4004385,2.527044,1.607529314,1.827044,2.000783037,2.497786
058_230℃_200_0.5mm.csv,0.5,230,200,246.2348451,2.526534,1.604873145,1.826534,2.001258721,2.49811
059_230℃_200_0.5mm.csv,0.5,230,200,246.7246247,2.529566,1.601852737,1.829566,2.000061327,2.501594
060_230℃_200_0.5mm.csv,0.5,230,200,246.3802133,2.527256,1.599070267,1.827256,2.000589624,2.497884
061_230℃_240_0.5mm.csv,0.5,230,240,245.7856152,2.515876,1.613997925,1.815876,2.000078095,2.488854
062_230℃_240_0.5mm.csv,0.5,230,240,246.3057219,2.511688,1.614102918,1.811688,2.000656647,2.484578
063_230℃_240_0.5mm.csv,0.5,230,240,246.2856348,2.511568,1.613181184,1.811568,2.000941438,2.484764
064_230℃_240_0.5mm.csv,0.5,230,240,246.5366535,2.510746,1.609539569,1.810744,2.000032359,2.484438
065_230℃_240_0.5mm.csv,0.5,230,240,246.408543,2.511244,1.613250001,1.811244,2.000843477,2.484572
066_230℃_240_0.5mm.csv,0.5,230,240,246.4983566,2.511564,1.613609896,1.811564,2.00047745,2.484708
067_230℃_240_0.5mm.csv,0.5,230,240,246.6064613,2.510716,1.612744026,1.810716,2.000795633,2.484498
068_230℃_240_0.5mm.csv,0.5,230,240,246.4414267,2.51122,1.617561143,1.81122,2.000420708,2.48476
069_230℃_240_0.5mm.csv,0.5,230,240,246.5564634,2.511776,1.611888495,1.811776,2.000422708,2.484544
070_230℃_240_0.5mm.csv,0.5,230,240,246.8102202,2.511134,1.615886606,1.811132,2.000918082,2.48419
071_230℃_280_0.5mm.csv,0.5,230,280,246.3769642,2.503352,1.611294485,1.803352,2.001023954,2.47536
072_230℃_280_0.5mm.csv,0.5,230,280,246.6384408,2.503218,1.611971496,1.803218,2.000982908,2.475184
073_230℃_280_0.5mm.csv,0.5,230,280,246.6261289,2.504236,1.610728516,1.804234,2.000758643,2.475024
074_230℃_280_0.5mm.csv,0.5,230,280,246.4379736,2.50331,1.608726288,1.80331,2.000132492,2.475436
075_230℃_280_0.5mm.csv,0.5,230,280,246.5332763,2.502546,1.609031806,1.802544,2.000269786,2.475326
076_230℃_280_0.5mm.csv,0.5,230,280,246.5927685,2.50687,1.609999806,1.806868,2.00085832,2.479214
077_230℃_280_0.5mm.csv,0.5,230,280,246.3790347,2.50392,1.609311429,1.80392,2.000695333,2.47554
078_230℃_280_0.5mm.csv,0.5,230,280,246.5136869,2.502692,1.610562609,1.80269,2.001014811,2.475494
079_230℃_280_0.5mm.csv,0.5,230,280,246.4449601,2.503908,1.610279716,1.803908,2.000810286,2.47575
080_230℃_280_0.5mm.csv,0.5,230,280,246.7143028,2.501844,1.61107142,1.801842,2.001305106,2.475166
081_230℃_320_0.5mm.csv,0.5,230,320,246.4714461,2.499228,1.614890019,1.799228,2.000082309,2.472346
082_230℃_320_0.5mm.csv,0.5,230,320,246.4510435,2.497168,1.611414412,1.797168,2.000591382,2.468412
083_230℃_320_0.5mm.csv,0.5,230,320,246.5664826,2.495048,1.613396618,1.795046,2.000742387,2.468428
084_230℃_320_0.5mm.csv,0.5,230,320,246.3537979,2.497256,1.614726915,1.797254,2.000440113,2.468698
085_230℃_320_0.5mm.csv,0.5,230,320,246.512626,2.49705,1.613084554,1.79705,2.000476729,2.468344
086_230℃_320_0.5mm.csv,0.5,230,320,246.3873996,2.49631,1.61842843,1.79631,2.000917875,2.468648
087_230℃_320_0.5mm.csv,0.5,230,320,246.3903603,2.497262,1.61149346,1.797262,2.000892011,2.468484
088_230℃_320_0.5mm.csv,0.5,230,320,246.5359174,2.496192,1.615311599,1.79619,2.00066132,2.468524
089_230℃_320_0.5mm.csv,0.5,230,320,246.5986403,2.49625,1.612320827,1.79625,2.00059125,2.468216
090_230℃_320_0.5mm.csv,0.5,230,320,246.3348662,2.497048,1.61348089,1.797048,2.000503526,2.468754
001_190℃_010_1.0mm.csv,1.0,190,10,184.0282822,2.503605,1.424252067,1.803605,2.000108187,2.4856
002_190℃_010_1.0mm.csv,1.0,190,10,184.2145264,2.50032,1.433665453,1.80032,2.000244799,2.48223
003_190℃_010_1.0mm.csv,1.0,190,10,184.2164839,2.502315,1.43892037,1.802315,2.000143824,2.484155
004_190℃_010_1.0mm.csv,1.0,190,10,184.3411005,2.504155,1.436315338,1.804155,2.000037251,2.48607
005_190℃_010_1.0mm.csv,1.0,190,10,184.4086868,2.50253,1.437940152,1.80253,2.000217917,2.484395
006_190℃_010_1.0mm.csv,1.0,190,10,184.44727,2.495375,1.441887083,1.795375,2.00013457,2.477265
007_190℃_010_1.0mm.csv,1.0,190,10,184.5705738,2.498605,1.444581344,1.798605,2.000297609,2.480455
008_190℃_010_1.0mm.csv,1.0,190,10,184.4863797,2.493615,1.442436332,1.793615,2.000036934,2.475485
009_190℃_010_1.0mm.csv,1.0,190,10,184.5022085,2.496315,1.446399154,1.796315,2.000152923,2.478145
010_190℃_010_1.0mm.csv,1.0,190,10,184.5782238,2.498,1.447160175,1.798,2.000179322,2.47984
011_190℃_020_1.0mm.csv,1.0,190,20,192.3913989,3.202264,1.455466085,2.502264,2.000093546,3.187162
012_190℃_020_1.0mm.csv,1.0,190,20,192.3622637,3.201988,1.457728996,2.501988,2.000135645,3.186996
013_190℃_020_1.0mm.csv,1.0,190,20,192.4950471,3.201452,1.455774037,2.50145,2.000181689,3.186432
014_190℃_020_1.0mm.csv,1.0,190,20,192.4295885,3.202156,1.461683431,2.502156,2.000103526,3.187092
015_190℃_020_1.0mm.csv,1.0,190,20,192.4470459,3.20248,1.461832656,2.50248,2.00027838,3.187392
016_190℃_020_1.0mm.csv,1.0,190,20,192.470664,3.200942,1.461375906,2.500942,2.000302263,3.185852
017_190℃_020_1.0mm.csv,1.0,190,20,192.418682,3.19927,1.460620214,2.49927,2.000211949,3.18417
018_190℃_020_1.0mm.csv,1.0,190,20,192.4872277,3.201,1.460382368,2.501,2.000206354,3.185968
019_190℃_020_1.0mm.csv,1.0,190,20,192.564617,3.205932,1.465293295,2.50593,2.000035656,3.190864
020_190℃_020_1.0mm.csv,1.0,190,20,192.5598624,3.20448,1.464919089,2.50448,2.000051462,3.189346
021_190℃_040_1.0mm.csv,1.0,190,40,194.5919689,2.820278,1.461842263,2.120278,2.000225092,2.804422
022_190℃_040_1.0mm.csv,1.0,190,40,194.7089525,2.820082,1.465363186,2.120082,2.000253936,2.80425
023_190℃_040_1.0mm.csv,1.0,190,40,194.7103863,2.820592,1.468334347,2.120592,2.000087206,2.804756
024_190℃_040_1.0mm.csv,1.0,190,40,194.8552589,2.820858,1.469816791,2.120858,2.000431408,2.804826
025_190℃_040_1.0mm.csv,1.0,190,40,195.0916755,2.81954,1.473261961,2.11954,2.000578973,2.80379
026_190℃_040_1.0mm.csv,1.0,190,40,195.0685432,2.818958,1.471365367,2.118958,2.000388031,2.803158
027_190℃_040_1.0mm.csv,1.0,190,40,194.9109425,2.824142,1.471073934,2.124142,2.000395256,2.80821
028_190℃_040_1.0mm.csv,1.0,190,40,194.9887866,2.820182,1.47321625,2.120182,2.000526652,2.804262
029_190℃_040_1.0mm.csv,1.0,190,40,194.9077011,2.818442,1.472493811,2.118442,2.000431242,2.802748
030_190℃_040_1.0mm.csv,1.0,190,40,194.9126674,2.820882,1.474498643,2.120882,2.000362219,2.805222
031_190℃_080_1.0mm.csv,1.0,190,80,198.8086642,2.656668,1.469169896,1.956668,2.000386282,2.618838
032_190℃_080_1.0mm.csv,1.0,190,80,199.008897,2.651004,1.470469496,1.951004,2.000069667,2.614376
033_190℃_080_1.0mm.csv,1.0,190,80,198.9757035,2.649738,1.475812938,1.949736,2.000561762,2.613862
034_190℃_080_1.0mm.csv,1.0,190,80,199.1014856,2.653018,1.477816823,1.953018,2.000385205,2.61723
035_190℃_080_1.0mm.csv,1.0,190,80,199.1750415,2.651654,1.475376357,1.951652,2.000619584,2.61392
036_190℃_080_1.0mm.csv,1.0,190,80,199.1169524,2.65214,1.477313739,1.952138,2.000155759,2.61422
037_190℃_080_1.0mm.csv,1.0,190,80,199.0868015,2.650014,1.47864535,1.950014,2.000683003,2.61396
038_190℃_080_1.0mm.csv,1.0,190,80,199.0717221,2.651202,1.480874903,1.951202,2.000553313,2.61365
039_190℃_080_1.0mm.csv,1.0,190,80,199.114007,2.652928,1.48504526,1.952926,2.000761497,2.617514
040_190℃_080_1.0mm.csv,1.0,190,80,199.1447726,2.649866,1.48296477,1.949866,2.000644025,2.613356
041_190℃_120_1.0mm.csv,1.0,190,120,205.5488237,2.599218,1.473689787,1.899218,2.000621891,2.549532
042_190℃_120_1.0mm.csv,1.0,190,120,205.6990587,2.601634,1.477498222,1.901634,2.00073009,2.549532
043_190℃_120_1.0mm.csv,1.0,190,120,205.7619024,2.60353,1.481788362,1.903528,2.000752329,2.549882
044_190℃_120_1.0mm.csv,1.0,190,120,205.6436938,2.600822,1.480576866,1.900822,2.000042573,2.549846
045_190℃_120_1.0mm.csv,1.0,190,120,205.6530363,2.599964,1.482411165,1.899964,2.000459722,2.549918
046_190℃_120_1.0mm.csv,1.0,190,120,205.692767,2.60106,1.484540227,1.90106,2.000235325,2.549938
047_190℃_120_1.0mm.csv,1.0,190,120,205.7706958,2.60016,1.488307189,1.90016,2.000437778,2.550122
048_190℃_120_1.0mm.csv,1.0,190,120,205.7684841,2.600012,1.48729738,1.900012,2.000673601,2.550104
049_190℃_120_1.0mm.csv,1.0,190,120,205.6838287,2.60431,1.486095865,1.90431,2.000293894,2.553938
050_190℃_120_1.0mm.csv,1.0,190,120,205.6483504,2.600338,1.487009448,1.900338,2.000546254,2.54982
051_190℃_160_1.0mm.csv,1.0,190,160,209.8156729,2.556078,1.482879276,1.856078,2.000877032,2.521672
052_190℃_160_1.0mm.csv,1.0,190,160,209.9017435,2.55741,1.484786946,1.85741,2.000704246,2.521394
053_190℃_160_1.0mm.csv,1.0,190,160,209.9860569,2.552134,1.488623417,1.852132,2.000161888,2.517308
054_190℃_160_1.0mm.csv,1.0,190,160,210.0331213,2.552064,1.490594049,1.852062,2.000374947,2.517394
055_190℃_160_1.0mm.csv,1.0,190,160,210.0371776,2.557278,1.489155259,1.857276,2.000435309,2.521366
056_190℃_160_1.0mm.csv,1.0,190,160,210.1194662,2.552744,1.489693685,1.852742,2.000475857,2.517002
057_190℃_160_1.0mm.csv,1.0,190,160,210.0544379,2.552954,1.490151093,1.852952,2.000910935,2.517458
058_190℃_160_1.0mm.csv,1.0,190,160,210.0741885,2.553204,1.494372887,1.853204,2.0004903,2.51738
059_190℃_160_1.0mm.csv,1.0,190,160,210.0486476,2.553396,1.49464081,1.853396,2.000817335,2.517084
060_190℃_160_1.0mm.csv,1.0,190,160,210.0576621,2.553012,1.492789835,1.853012,2.000281402,2.51705
061_190℃_200_1.0mm.csv,1.0,190,200,212.306901,2.52673,1.49059315,1.826728,2.000768172,2.497238
062_190℃_200_1.0mm.csv,1.0,190,200,212.4752754,2.527638,1.493729918,1.827638,2.000190358,2.497124
063_190℃_200_1.0mm.csv,1.0,190,200,212.3951103,2.527188,1.494508539,1.827188,2.000025603,2.49706
064_190℃_200_1.0mm.csv,1.0,190,200,212.5330781,2.526634,1.493933885,1.826634,2.000899807,2.497128
065_190℃_200_1.0mm.csv,1.0,190,200,212.5066581,2.52719,1.497474441,1.82719,2.000545066,2.497082
066_190℃_200_1.0mm.csv,1.0,190,200,212.6172047,2.526526,1.498784319,1.826526,2.000457608,2.497004
067_190℃_200_1.0mm.csv,1.0,190,200,212.6437459,2.530254,1.497837485,1.830254,2.00038584,2.500836
068_190℃_200_1.0mm.csv,1.0,190,200,212.6140389,2.527148,1.499897294,1.827148,2.000253894,2.497194
069_190℃_200_1.0mm.csv,1.0,190,200,212.5702333,2.526762,1.500947532,1.82676,2.0007755,2.497096
070_190℃_200_1.0mm.csv,1.0,190,200,212.5657386,2.527132,1.504014276,1.827132,2.000249016,2.497054
071_190℃_240_1.0mm.csv,1.0,190,240,213.4757735,2.510632,1.497784334,1.81063,2.000056643,2.483424
072_190℃_240_1.0mm.csv,1.0,190,240,213.4852116,2.51102,1.50079619,1.81102,2.000911086,2.483642
073_190℃_240_1.0mm.csv,1.0,190,240,213.5946643,2.511352,1.497845184,1.811352,2.000386736,2.4835
074_190℃_240_1.0mm.csv,1.0,190,240,213.6284011,2.51115,1.50042746,1.81115,2.000133353,2.483526
075_190℃_240_1.0mm.csv,1.0,190,240,213.6212394,2.511058,1.501857291,1.811058,2.000016103,2.48366
076_190℃_240_1.0mm.csv,1.0,190,240,213.5869107,2.510882,1.500500604,1.810882,2.000897762,2.483586
077_190℃_240_1.0mm.csv,1.0,190,240,213.6403266,2.511226,1.501856335,1.811224,2.000302965,2.48363
078_190℃_240_1.0mm.csv,1.0,190,240,213.6503083,2.511128,1.50275365,1.811128,2.000191245,2.483588
079_190℃_240_1.0mm.csv,1.0,190,240,213.7810921,2.510938,1.50651101,1.810938,2.000880517,2.483568
080_190℃_240_1.0mm.csv,1.0,190,240,213.8070979,2.511506,1.506291527,1.811506,2.000199572,2.48343
081_190℃_280_1.0mm.csv,1.0,190,280,214.3811356,2.500448,1.496054513,1.800448,2.000506962,2.473704
082_190℃_280_1.0mm.csv,1.0,190,280,214.2661795,2.503442,1.502965443,1.80344,2.00041245,2.477572
083_190℃_280_1.0mm.csv,1.0,190,280,214.3035358,2.500346,1.50272551,1.800346,2.000239083,2.473588
084_190℃_280_1.0mm.csv,1.0,190,280,214.2026338,2.500602,1.505543097,1.800602,2.00070445,2.47371
085_190℃_280_1.0mm.csv,1.0,190,280,214.3614553,2.500748,1.5053707,1.800746,2.00076955,2.473762
086_190℃_280_1.0mm.csv,1.0,190,280,214.3679419,2.500428,1.5033359,1.800428,2.000150876,2.473616
087_190℃_280_1.0mm.csv,1.0,190,280,214.3799698,2.504774,1.504141122,1.804774,2.000740334,2.477686
088_190℃_280_1.0mm.csv,1.0,190,280,214.3696887,2.500912,1.503227894,1.800912,2.000401124,2.473474
089_190℃_280_1.0mm.csv,1.0,190,280,214.5159149,2.501842,1.50570332,1.801842,2.000199587,2.473604
090_190℃_280_1.0mm.csv,1.0,190,280,214.4520337,2.500674,1.505642077,1.800674,2.000772718,2.473536
091_190℃_320_1.0mm.csv,1.0,190,320,214.6970475,2.49228,1.503318719,1.79228,2.000213061,2.46597
092_190℃_320_1.0mm.csv,1.0,190,320,214.5994237,2.492388,1.507994015,1.792388,2.000737881,2.466186
093_190℃_320_1.0mm.csv,1.0,190,320,214.6054376,2.49264,1.510413053,1.792638,2.000490345,2.466288
094_190℃_320_1.0mm.csv,1.0,190,320,214.7321808,2.492582,1.507978777,1.792582,2.000115687,2.466184
095_190℃_320_1.0mm.csv,1.0,190,320,214.7421803,2.492178,1.509142939,1.792178,2.000454321,2.466144
096_190℃_320_1.0mm.csv,1.0,190,320,214.5256144,2.492728,1.51008588,1.792728,2.000916351,2.466124
097_190℃_320_1.0mm.csv,1.0,190,320,214.6340204,2.492646,1.512890445,1.792644,2.000762642,2.466276
098_190℃_320_1.0mm.csv,1.0,190,320,214.7814852,2.492408,1.512146332,1.792406,2.000151066,2.466062
099_190℃_320_1.0mm.csv,1.0,190,320,214.6891033,2.492162,1.514090042,1.792162,2.000713489,2.46615
100_190℃_320_1.0mm.csv,1.0,190,320,214.6345658,2.4923,1.519710535,1.792298,2.000745067,2.466282
001_210℃_010_1.0mm.csv,1.0,210,10,201.542209,3.98076,1.25298546,3.28076,2.000244192,3.96069
002_210℃_010_1.0mm.csv,1.0,210,10,201.7212207,3.975435,1.257454472,3.275435,2.000047827,3.95532
003_210℃_010_1.0mm.csv,1.0,210,10,201.745393,3.96949,1.266882325,3.26949,2.000129034,3.94926
004_210℃_010_1.0mm.csv,1.0,210,10,201.7871571,3.976095,1.271645877,3.276095,2.000061656,3.95583
005_210℃_010_1.0mm.csv,1.0,210,10,201.7997079,3.97948,1.277544689,3.27948,2.000185852,3.959275
006_210℃_010_1.0mm.csv,1.0,210,10,201.8315884,3.977455,1.284197494,3.277455,2.000093881,3.95709
007_210℃_010_1.0mm.csv,1.0,210,10,201.868005,3.978295,1.293848909,3.27829,2.000194546,3.957845
008_210℃_010_1.0mm.csv,1.0,210,10,201.9738449,3.972455,1.295834288,3.272455,2.000099878,3.952085
009_210℃_010_1.0mm.csv,1.0,210,10,201.9666852,3.98015,1.304418777,3.28015,2.000061355,3.95957
010_210℃_010_1.0mm.csv,1.0,210,10,202.0072979,3.970435,1.306893118,3.27043,2.000039964,3.94985
011_210℃_020_1.0mm.csv,1.0,210,20,211.1461972,3.195518,1.335635405,2.495518,2.000048824,3.179418
012_210℃_020_1.0mm.csv,1.0,210,20,211.2893023,3.195576,1.340525786,2.495576,2.000050149,3.179532
013_210℃_020_1.0mm.csv,1.0,210,20,211.2569635,3.19677,1.349942219,2.49677,2.000120839,3.180644
014_210℃_020_1.0mm.csv,1.0,210,20,211.2461156,3.19574,1.34963811,2.495738,2.000013529,3.179576
015_210℃_020_1.0mm.csv,1.0,210,20,211.2767767,3.196206,1.353610988,2.496206,2.000050858,3.180024
016_210℃_020_1.0mm.csv,1.0,210,20,211.2539636,3.192516,1.361734148,2.492516,2.000192943,3.176408
017_210℃_020_1.0mm.csv,1.0,210,20,211.2956296,3.19776,1.362154247,2.497758,2.000056126,3.181478
018_210℃_020_1.0mm.csv,1.0,210,20,211.3274014,3.198994,1.361780645,2.498994,2.000020902,3.182782
019_210℃_020_1.0mm.csv,1.0,210,20,211.4085061,3.200806,1.359530144,2.500806,2.000031047,3.184534
020_210℃_020_1.0mm.csv,1.0,210,20,211.4321896,3.199544,1.365029599,2.499544,2.000073569,3.18319
021_210℃_040_1.0mm.csv,1.0,210,40,213.772178,2.819544,1.37787176,2.119544,2.000226476,2.803726
022_210℃_040_1.0mm.csv,1.0,210,40,213.8126173,2.822636,1.380909782,2.122636,2.000161678,2.80698
023_210℃_040_1.0mm.csv,1.0,210,40,213.9098838,2.81966,1.384829833,2.119658,2.00009064,2.804046
024_210℃_040_1.0mm.csv,1.0,210,40,213.867747,2.818324,1.388149414,2.118324,2.000536605,2.802524
025_210℃_040_1.0mm.csv,1.0,210,40,213.921867,2.823442,1.390373015,2.123442,2.000415918,2.807606
026_210℃_040_1.0mm.csv,1.0,210,40,214.0004088,2.81725,1.393227913,2.11725,2.000661737,2.801466
027_210℃_040_1.0mm.csv,1.0,210,40,213.9376995,2.821974,1.391542813,2.121974,2.000308649,2.806152
028_210℃_040_1.0mm.csv,1.0,210,40,213.9470779,2.817422,1.393171819,2.117422,2.000588405,2.801714
029_210℃_040_1.0mm.csv,1.0,210,40,213.9406349,2.818258,1.392123835,2.118258,2.000381141,2.802486
030_210℃_040_1.0mm.csv,1.0,210,40,214.0200798,2.817466,1.397263685,2.117466,2.000546851,2.801808
031_210℃_080_1.0mm.csv,1.0,210,80,216.9424951,2.633298,1.403461629,1.933298,2.00019488,2.613838
032_210℃_080_1.0mm.csv,1.0,210,80,217.0292226,2.633148,1.407591707,1.933148,2.000823868,2.613962
033_210℃_080_1.0mm.csv,1.0,210,80,217.0666004,2.632326,1.410170789,1.932326,2.000213947,2.613098
034_210℃_080_1.0mm.csv,1.0,210,80,217.0141283,2.636202,1.411313617,1.936202,2.000044405,2.616922
035_210℃_080_1.0mm.csv,1.0,210,80,217.1109074,2.632706,1.407875665,1.932706,2.000107179,2.613316
036_210℃_080_1.0mm.csv,1.0,210,80,217.1243151,2.632524,1.410964439,1.932524,2.000637351,2.61307
037_210℃_080_1.0mm.csv,1.0,210,80,217.0816457,2.635216,1.413820638,1.935216,2.000012318,2.616248
038_210℃_080_1.0mm.csv,1.0,210,80,217.1083231,2.632012,1.417227165,1.932012,2.000666819,2.613026
039_210℃_080_1.0mm.csv,1.0,210,80,217.2033912,2.631184,1.415469198,1.931182,2.001027183,2.612076
040_210℃_080_1.0mm.csv,1.0,210,80,217.1399507,2.636008,1.418189974,1.936008,2.000845575,2.616908
041_210℃_120_1.0mm.csv,1.0,210,120,221.5238908,2.599526,1.415436663,1.899526,2.000431806,2.55358
042_210℃_120_1.0mm.csv,1.0,210,120,221.6493579,2.592796,1.419790787,1.892796,2.001133401,2.54963
043_210℃_120_1.0mm.csv,1.0,210,120,221.6139555,2.596072,1.418385942,1.896072,2.000419506,2.54958
044_210℃_120_1.0mm.csv,1.0,210,120,221.6294776,2.591976,1.418217702,1.891976,2.000895467,2.551188
045_210℃_120_1.0mm.csv,1.0,210,120,221.5961843,2.593692,1.423892429,1.893692,2.000790302,2.550162
046_210℃_120_1.0mm.csv,1.0,210,120,221.6263648,2.591878,1.42161854,1.891878,2.00101602,2.550404
047_210℃_120_1.0mm.csv,1.0,210,120,221.704716,2.591858,1.424873772,1.891858,2.000969761,2.550226
048_210℃_120_1.0mm.csv,1.0,210,120,221.7536218,2.59515,1.427332947,1.89515,2.000068377,2.55047
049_210℃_120_1.0mm.csv,1.0,210,120,221.7236894,2.591586,1.427004447,1.891586,2.000778415,2.55022
050_210℃_120_1.0mm.csv,1.0,210,120,221.7613713,2.594744,1.431278906,1.894744,2.001016838,2.549462
051_210℃_160_1.0mm.csv,1.0,210,160,225.8608422,2.551358,1.436518033,1.851358,2.000907257,2.51735
052_210℃_160_1.0mm.csv,1.0,210,160,225.9524896,2.551468,1.439362308,1.851468,2.000976391,2.516812
053_210℃_160_1.0mm.csv,1.0,210,160,225.936428,2.5559,1.440565993,1.8559,2.000553304,2.521098
054_210℃_160_1.0mm.csv,1.0,210,160,225.9675358,2.55243,1.441462926,1.852428,2.000991849,2.517314
055_210℃_160_1.0mm.csv,1.0,210,160,225.9582648,2.551422,1.443591081,1.851422,2.00042813,2.517448
056_210℃_160_1.0mm.csv,1.0,210,160,225.8946529,2.551436,1.44356939,1.851436,2.000631312,2.517452
057_210℃_160_1.0mm.csv,1.0,210,160,226.0261024,2.551338,1.442005792,1.851338,2.000213448,2.516874
058_210℃_160_1.0mm.csv,1.0,210,160,225.9598851,2.556454,1.446331642,1.856454,2.001214883,2.521188
059_210℃_160_1.0mm.csv,1.0,210,160,225.9200977,2.551356,1.445085593,1.851354,2.000714916,2.517426
060_210℃_160_1.0mm.csv,1.0,210,160,226.0045272,2.552644,1.447995952,1.852644,2.001139808,2.51735
061_210℃_200_1.0mm.csv,1.0,210,200,228.1448152,2.52624,1.44985609,1.82624,2.000343259,2.49743
062_210℃_200_1.0mm.csv,1.0,210,200,228.2508183,2.526924,1.452635716,1.826922,2.000940886,2.497302
063_210℃_200_1.0mm.csv,1.0,210,200,228.2003071,2.527288,1.454152094,1.827288,2.000591876,2.497428
064_210℃_200_1.0mm.csv,1.0,210,200,228.2769085,2.526822,1.452655207,1.82682,2.001079113,2.497356
065_210℃_200_1.0mm.csv,1.0,210,200,228.2876687,2.526692,1.453171291,1.82669,2.000766442,2.49706
066_210℃_200_1.0mm.csv,1.0,210,200,228.31132,2.52678,1.455126456,1.82678,2.000459331,2.497112
067_210℃_200_1.0mm.csv,1.0,210,200,228.2720784,2.526576,1.457195778,1.826576,2.000437772,2.497484
068_210℃_200_1.0mm.csv,1.0,210,200,228.3018865,2.530992,1.455367179,1.830992,2.000074742,2.501542
069_210℃_200_1.0mm.csv,1.0,210,200,228.2519531,2.52664,1.457697322,1.82664,2.000261538,2.497126
070_210℃_200_1.0mm.csv,1.0,210,200,228.2621847,2.526358,1.455813408,1.826358,2.000355353,2.497124
071_210℃_240_1.0mm.csv,1.0,210,240,229.4956837,2.51097,1.443736257,1.81097,2.001213702,2.483164
072_210℃_240_1.0mm.csv,1.0,210,240,229.647649,2.510552,1.444595564,1.81055,2.000720851,2.483186
073_210℃_240_1.0mm.csv,1.0,210,240,229.6635667,2.510656,1.446248644,1.810656,2.000276049,2.483128
074_210℃_240_1.0mm.csv,1.0,210,240,229.6703477,2.510814,1.447908929,1.810814,2.001138556,2.4831
075_210℃_240_1.0mm.csv,1.0,210,240,229.5695852,2.514616,1.445547341,1.814614,2.001288958,2.487316
076_210℃_240_1.0mm.csv,1.0,210,240,229.6042831,2.514702,1.449362525,1.814702,2.000655218,2.487314
077_210℃_240_1.0mm.csv,1.0,210,240,229.6601792,2.510658,1.448324724,1.810658,2.000559224,2.48334
078_210℃_240_1.0mm.csv,1.0,210,240,229.5863381,2.511216,1.452896513,1.811214,2.000028929,2.483564
079_210℃_240_1.0mm.csv,1.0,210,240,229.53171,2.510622,1.447536406,1.81062,2.000734021,2.48355
080_210℃_240_1.0mm.csv,1.0,210,240,229.5927699,2.510842,1.452830873,1.810842,2.001156853,2.483306
081_210℃_280_1.0mm.csv,1.0,210,280,230.3050854,2.500312,1.458382654,1.800312,2.00072975,2.472994
082_210℃_280_1.0mm.csv,1.0,210,280,230.2461798,2.500508,1.460371387,1.800508,2.001025854,2.473238
083_210℃_280_1.0mm.csv,1.0,210,280,230.1282261,2.504132,1.462463005,1.804132,2.001189589,2.47747
084_210℃_280_1.0mm.csv,1.0,210,280,230.1060176,2.50054,1.469259122,1.80054,2.000655048,2.473672
085_210℃_280_1.0mm.csv,1.0,210,280,230.2241008,2.500182,1.468057679,1.80018,2.000594251,2.473388
086_210℃_280_1.0mm.csv,1.0,210,280,230.2345037,2.500182,1.47126238,1.80018,2.000907809,2.473414
087_210℃_280_1.0mm.csv,1.0,210,280,230.2531505,2.500254,1.471389369,1.800254,2.001049578,2.473442
088_210℃_280_1.0mm.csv,1.0,210,280,230.2620931,2.504126,1.473690739,1.804126,2.000317067,2.47721
089_210℃_280_1.0mm.csv,1.0,210,280,230.0720177,2.504322,1.472930473,1.80432,2.000683172,2.477722
090_210℃_280_1.0mm.csv,1.0,210,280,230.222115,2.500184,1.476298128,1.800184,2.000658512,2.473342
091_210℃_320_1.0mm.csv,1.0,210,320,230.3869194,2.491364,1.475473613,1.791364,2.000207905,2.465914
092_210℃_320_1.0mm.csv,1.0,210,320,230.4463648,2.492196,1.475607271,1.792196,2.000099803,2.465834
093_210℃_320_1.0mm.csv,1.0,210,320,230.5033014,2.492082,1.480703513,1.792082,2.000815552,2.46581
094_210℃_320_1.0mm.csv,1.0,210,320,230.6171926,2.495598,1.479766872,1.795596,2.000392248,2.469772
095_210℃_320_1.0mm.csv,1.0,210,320,230.8039121,2.491632,1.476017659,1.791632,2.000193205,2.465478
096_210℃_320_1.0mm.csv,1.0,210,320,230.7396943,2.491488,1.479954478,1.791488,2.000292185,2.465698
097_210℃_320_1.0mm.csv,1.0,210,320,230.7262671,2.492108,1.478343945,1.792108,2.000646852,2.465704
098_210℃_320_1.0mm.csv,1.0,210,320,230.6617958,2.491904,1.480743064,1.791904,2.000784134,2.465886
099_210℃_320_1.0mm.csv,1.0,210,320,230.7081184,2.49227,1.47951464,1.79227,2.000206285,2.465766
100_210℃_320_1.0mm.csv,1.0,210,320,230.6383453,2.492186,1.480876808,1.792186,2.000159632,2.465872
001_230℃_010_1.0mm.csv,1.0,230,10,219.5616229,3.95468,1.345287034,3.25468,2.000022833,3.9272
002_230℃_010_1.0mm.csv,1.0,230,10,219.7693424,3.94766,1.350914199,3.24766,2.000047403,3.91997
003_230℃_010_1.0mm.csv,1.0,230,10,219.8869943,3.952075,1.358163652,3.252075,2.000129706,3.92423
004_230℃_010_1.0mm.csv,1.0,230,10,219.8922088,3.95369,1.363510994,3.25369,2.000003024,3.925765
005_230℃_010_1.0mm.csv,1.0,230,10,219.9967746,3.945615,1.368445789,3.245615,2.000008261,3.917685
006_230℃_010_1.0mm.csv,1.0,230,10,219.9831576,3.95475,1.371170548,3.25475,2.000118578,3.926755
007_230℃_010_1.0mm.csv,1.0,230,10,220.1070186,3.952565,1.377799574,3.252565,2.000067798,3.92439
008_230℃_010_1.0mm.csv,1.0,230,10,220.094864,3.96851,1.377888649,3.268505,2.000073756,3.940345
009_230℃_010_1.0mm.csv,1.0,230,10,220.1967212,3.975865,1.38352083,3.275865,2.000072629,3.94771
010_230℃_010_1.0mm.csv,1.0,230,10,220.2358951,3.95679,1.389592704,3.25679,2.000098542,3.928385
011_230℃_020_1.0mm.csv,1.0,230,20,231.0158736,3.194406,1.415787945,2.494406,2.000075131,3.174034
012_230℃_020_1.0mm.csv,1.0,230,20,231.0303963,3.192028,1.420546777,2.492026,2.000039298,3.171634
013_230℃_020_1.0mm.csv,1.0,230,20,231.1223904,3.193254,1.422183239,2.493254,2.000080848,3.17265
014_230℃_020_1.0mm.csv,1.0,230,20,231.1387982,3.188012,1.425435527,2.488012,2.000008433,3.1674
015_230℃_020_1.0mm.csv,1.0,230,20,231.1795511,3.190074,1.429899258,2.490074,2.000039367,3.169542
016_230℃_020_1.0mm.csv,1.0,230,20,231.1997223,3.19175,1.431049308,2.49175,2.000050841,3.171234
017_230℃_020_1.0mm.csv,1.0,230,20,231.2300499,3.189488,1.43486933,2.489488,2.000041154,3.168934
018_230℃_020_1.0mm.csv,1.0,230,20,231.1752149,3.187868,1.435053904,2.487868,2.000050604,3.16733
019_230℃_020_1.0mm.csv,1.0,230,20,231.2924845,3.184652,1.434979207,2.48465,2.000023391,3.16406
020_230℃_020_1.0mm.csv,1.0,230,20,231.3156391,3.18724,1.435359935,2.48724,2.000039517,3.166638
021_230℃_040_1.0mm.csv,1.0,230,40,233.67935,2.815046,1.442655945,2.115044,2.000196566,2.7986
022_230℃_040_1.0mm.csv,1.0,230,40,233.8523332,2.8158,1.442056304,2.1158,2.000097158,2.799248
023_230℃_040_1.0mm.csv,1.0,230,40,233.8617943,2.81243,1.443767267,2.11243,2.00005779,2.795776
024_230℃_040_1.0mm.csv,1.0,230,40,233.9139548,2.818586,1.450674008,2.118584,2.000081307,2.802068
025_230℃_040_1.0mm.csv,1.0,230,40,233.8764089,2.813942,1.454224365,2.113942,2.000149259,2.797372
026_230℃_040_1.0mm.csv,1.0,230,40,233.9501577,2.814502,1.452388097,2.114502,2.0000297,2.797906
027_230℃_040_1.0mm.csv,1.0,230,40,233.9621375,2.813784,1.452844993,2.113784,2.000116118,2.797208
028_230℃_040_1.0mm.csv,1.0,230,40,233.9926986,2.814086,1.455401831,2.114086,2.000153467,2.797498
029_230℃_040_1.0mm.csv,1.0,230,40,233.9397115,2.815356,1.455337528,2.115356,2.000048514,2.798932
030_230℃_040_1.0mm.csv,1.0,230,40,233.9282951,2.815852,1.454086317,2.115852,2.000156067,2.7992
031_230℃_080_1.0mm.csv,1.0,230,80,236.3694162,2.629586,1.445883992,1.929584,2.000846505,2.611492
032_230℃_080_1.0mm.csv,1.0,230,80,236.4609808,2.629666,1.448217255,1.929666,2.000039939,2.611278
033_230℃_080_1.0mm.csv,1.0,230,80,236.5982987,2.629066,1.449319436,1.929066,2.000885408,2.610964
034_230℃_080_1.0mm.csv,1.0,230,80,236.5547503,2.62952,1.455398146,1.92952,2.000975507,2.61144
035_230℃_080_1.0mm.csv,1.0,230,80,236.533603,2.630242,1.45066596,1.930242,2.000726586,2.612184
036_230℃_080_1.0mm.csv,1.0,230,80,236.6368105,2.630358,1.453553385,1.930356,2.000233676,2.6124
037_230℃_080_1.0mm.csv,1.0,230,80,236.6489663,2.630232,1.455754543,1.930232,2.000581851,2.612206
038_230℃_080_1.0mm.csv,1.0,230,80,236.6084153,2.629536,1.454230394,1.929536,2.000720866,2.611452
039_230℃_080_1.0mm.csv,1.0,230,80,236.6246306,2.634224,1.451848249,1.934222,2.000253573,2.616016
040_230℃_080_1.0mm.csv,1.0,230,80,236.5825093,2.630456,1.457023637,1.930454,2.000698197,2.612064
041_230℃_120_1.0mm.csv,1.0,230,120,239.4804745,2.571956,1.458587587,1.871954,2.001318285,2.549076
042_230℃_120_1.0mm.csv,1.0,230,120,239.4569163,2.570336,1.45855759,1.870334,2.000203509,2.547526
043_230℃_120_1.0mm.csv,1.0,230,120,239.5043649,2.570882,1.455857926,1.87088,2.000493721,2.54834
044_230℃_120_1.0mm.csv,1.0,230,120,239.5373166,2.572132,1.458618923,1.872132,2.000083599,2.548454
045_230℃_120_1.0mm.csv,1.0,230,120,239.4976066,2.574846,1.463243234,1.874846,2.00102752,2.55193
046_230℃_120_1.0mm.csv,1.0,230,120,239.5513247,2.571384,1.458474606,1.871382,2.000978656,2.548748
047_230℃_120_1.0mm.csv,1.0,230,120,239.5916304,2.572504,1.462878004,1.872504,2.000138216,2.549374
048_230℃_120_1.0mm.csv,1.0,230,120,239.5852771,2.571676,1.459118891,1.871676,2.000272425,2.54911
049_230℃_120_1.0mm.csv,1.0,230,120,239.6719891,2.572422,1.461890216,1.872422,2.00000381,2.549742
050_230℃_120_1.0mm.csv,1.0,230,120,239.6692477,2.571926,1.462579378,1.871926,2.000386436,2.549152
051_230℃_160_1.0mm.csv,1.0,230,160,243.1847297,2.547098,1.464609847,1.847098,2.00113152,2.515962
052_230℃_160_1.0mm.csv,1.0,230,160,243.1629738,2.547228,1.463121651,1.847228,2.000456182,2.516146
053_230℃_160_1.0mm.csv,1.0,230,160,243.1369813,2.550562,1.463442608,1.850562,2.000063787,2.520252
054_230℃_160_1.0mm.csv,1.0,230,160,243.1909694,2.547252,1.466439959,1.847252,2.000143849,2.516082
055_230℃_160_1.0mm.csv,1.0,230,160,243.2754321,2.547442,1.464753548,1.847442,2.001375282,2.51644
056_230℃_160_1.0mm.csv,1.0,230,160,243.206089,2.54795,1.464091027,1.847948,2.001219135,2.516154
057_230℃_160_1.0mm.csv,1.0,230,160,243.2819098,2.548636,1.463983961,1.848634,2.000921546,2.516676
058_230℃_160_1.0mm.csv,1.0,230,160,243.2532954,2.550578,1.462432303,1.850578,2.000004266,2.520686
059_230℃_160_1.0mm.csv,1.0,230,160,243.3373373,2.546364,1.465970225,1.846364,2.000634537,2.516324
060_230℃_160_1.0mm.csv,1.0,230,160,243.3291945,2.54726,1.466829675,1.84726,2.00081912,2.515998
061_230℃_200_1.0mm.csv,1.0,230,200,245.4928952,2.52797,1.47317493,1.82797,2.001292653,2.500446
062_230℃_200_1.0mm.csv,1.0,230,200,245.5169383,2.524036,1.474625877,1.824034,2.000512835,2.496632
063_230℃_200_1.0mm.csv,1.0,230,200,245.5666424,2.523994,1.482759024,1.823994,2.000109331,2.49652
064_230℃_200_1.0mm.csv,1.0,230,200,245.6648867,2.52822,1.483303457,1.828218,2.001414046,2.50028
065_230℃_200_1.0mm.csv,1.0,230,200,245.505856,2.524548,1.485037986,1.824548,2.000126719,2.497024
066_230℃_200_1.0mm.csv,1.0,230,200,245.5664447,2.524114,1.486213551,1.824114,2.001185726,2.4967
067_230℃_200_1.0mm.csv,1.0,230,200,245.5983834,2.523958,1.488383907,1.823958,2.000296278,2.49661
068_230℃_200_1.0mm.csv,1.0,230,200,245.6213609,2.524146,1.48951834,1.824146,2.000610155,2.496904
069_230℃_200_1.0mm.csv,1.0,230,200,245.6748661,2.524042,1.490448154,1.82404,2.000807877,2.496644
070_230℃_200_1.0mm.csv,1.0,230,200,245.7304844,2.524544,1.493507097,1.824542,2.001202403,2.496248
071_230℃_240_1.0mm.csv,1.0,230,240,246.9006625,2.50869,1.497699563,1.80869,2.000184324,2.482344
072_230℃_240_1.0mm.csv,1.0,230,240,246.8846658,2.512206,1.494732123,1.812206,2.001370877,2.486244
073_230℃_240_1.0mm.csv,1.0,230,240,246.9259869,2.508748,1.49255886,1.808746,2.000374106,2.482322
074_230℃_240_1.0mm.csv,1.0,230,240,246.8121954,2.508474,1.495138572,1.808474,2.000868845,2.482266
075_230℃_240_1.0mm.csv,1.0,230,240,246.8623371,2.508702,1.499265678,1.808702,2.000679708,2.482456
076_230℃_240_1.0mm.csv,1.0,230,240,246.8013073,2.50853,1.496665812,1.80853,2.00060498,2.482674
077_230℃_240_1.0mm.csv,1.0,230,240,246.9066807,2.508356,1.496524114,1.808356,2.000302874,2.482228
078_230℃_240_1.0mm.csv,1.0,230,240,246.8748346,2.509234,1.496400119,1.809232,2.000012161,2.482566
079_230℃_240_1.0mm.csv,1.0,230,240,246.8418025,2.50866,1.500881444,1.80866,2.000178342,2.48278
080_230℃_240_1.0mm.csv,1.0,230,240,246.9943832,2.507908,1.50080514,1.807908,2.000639244,2.48231
081_230℃_280_1.0mm.csv,1.0,230,280,247.3698563,2.501836,1.502517098,1.801836,2.001009386,2.476736
082_230℃_280_1.0mm.csv,1.0,230,280,247.2406015,2.49856,1.505587267,1.79856,2.00090062,2.473178
083_230℃_280_1.0mm.csv,1.0,230,280,247.4366601,2.498016,1.508970969,1.798016,2.001223646,2.472726
084_230℃_280_1.0mm.csv,1.0,230,280,247.4227519,2.497756,1.510402711,1.797756,2.000751492,2.472452
085_230℃_280_1.0mm.csv,1.0,230,280,247.4640119,2.497622,1.508689841,1.797622,2.001066634,2.472448
086_230℃_280_1.0mm.csv,1.0,230,280,247.509657,2.497774,1.507835428,1.797772,2.000169457,2.472242
087_230℃_280_1.0mm.csv,1.0,230,280,247.4816072,2.498228,1.509803331,1.798226,2.00105597,2.47258
088_230℃_280_1.0mm.csv,1.0,230,280,247.3968709,2.49805,1.51033843,1.79805,2.001429355,2.47272
089_230℃_280_1.0mm.csv,1.0,230,280,247.4540007,2.497634,1.513847278,1.797632,2.000846707,2.472338
090_230℃_280_1.0mm.csv,1.0,230,280,247.4696825,2.501668,1.512031683,1.801668,2.00001145,2.476608
091_230℃_320_1.0mm.csv,1.0,230,320,247.7552545,2.489654,1.519740188,1.789654,2.000335698,2.46536
092_230℃_320_1.0mm.csv,1.0,230,320,247.7232783,2.49032,1.515259416,1.79032,2.001480906,2.46548
093_230℃_320_1.0mm.csv,1.0,230,320,247.6858178,2.490732,1.520254753,1.790732,2.000370606,2.4657
094_230℃_320_1.0mm.csv,1.0,230,320,247.8125676,2.489816,1.520030481,1.789816,2.000974539,2.465462
095_230℃_320_1.0mm.csv,1.0,230,320,247.8413827,2.490248,1.522562819,1.790248,2.001444046,2.465476
096_230℃_320_1.0mm.csv,1.0,230,320,247.892269,2.49026,1.528984701,1.790258,2.000435885,2.46529
097_230℃_320_1.0mm.csv,1.0,230,320,247.877689,2.4902,1.527922115,1.790198,2.00149118,2.46532
098_230℃_320_1.0mm.csv,1.0,230,320,247.8766971,2.48977,1.530795921,1.78977,2.000645551,2.465146
099_230℃_320_1.0mm.csv,1.0,230,320,247.8968711,2.489766,1.529051462,1.789766,2.000855992,2.465272
100_230℃_320_1.0mm.csv,1.0,230,320,248.0078331,2.490028,1.530319453,1.790026,2.00057875,2.46511
001_190℃_003_1.5mm.csv,1.5,190,3,162.227863,8.487295,1.479395976,7.787295,2.000003017,8.43504
002_190℃_003_1.5mm.csv,1.5,190,3,162.2975617,8.496365,1.477291553,7.796365,2.000014436,8.444115
003_190℃_003_1.5mm.csv,1.5,190,3,162.3254499,8.47638,1.478045156,7.77638,2.000021599,8.424625
004_190℃_003_1.5mm.csv,1.5,190,3,162.2516566,8.455395,1.476194253,7.755395,2.000059688,8.403725
005_190℃_003_1.5mm.csv,1.5,190,3,162.2968662,8.461445,1.481309147,7.761445,2.00005528,8.40928
006_190℃_003_1.5mm.csv,1.5,190,3,162.3201093,8.46264,1.477699764,7.76264,2.000061919,8.410565
007_190℃_003_1.5mm.csv,1.5,190,3,162.2926459,8.499535,1.477192491,7.79953,2.000012226,8.44765
008_190℃_003_1.5mm.csv,1.5,190,3,162.3066982,8.476275,1.4730043,7.776275,2.000059761,8.424015
009_190℃_003_1.5mm.csv,1.5,190,3,162.3611825,8.47387,1.482227166,7.77387,2.000054663,8.42116
010_190℃_003_1.5mm.csv,1.5,190,3,162.3662852,8.480115,1.483943695,7.780115,2.000024024,8.428415
011_190℃_005_1.5mm.csv,1.5,190,5,182.068538,5.970495,1.47087477,5.270495,2.000019649,5.922835
012_190℃_005_1.5mm.csv,1.5,190,5,182.1785531,5.955555,1.469610165,5.255555,2.000000573,5.907475
013_190℃_005_1.5mm.csv,1.5,190,5,182.1750261,5.94813,1.471413659,5.24813,2.000010792,5.899895
014_190℃_005_1.5mm.csv,1.5,190,5,182.1263316,5.955895,1.474482008,5.255895,2.000031738,5.90731
015_190℃_005_1.5mm.csv,1.5,190,5,182.2085995,5.9652,1.470742108,5.2652,2.000046388,5.916925
016_190℃_005_1.5mm.csv,1.5,190,5,182.1769036,5.949185,1.472856653,5.249185,2.000017808,5.900995
017_190℃_005_1.5mm.csv,1.5,190,5,182.1952058,5.946135,1.469602595,5.246135,2.00003862,5.898575
018_190℃_005_1.5mm.csv,1.5,190,5,182.209714,5.93451,1.472197872,5.23451,2.000050375,5.886955
019_190℃_005_1.5mm.csv,1.5,190,5,182.1450593,5.934215,1.476788786,5.234215,2.000056959,5.88631
020_190℃_005_1.5mm.csv,1.5,190,5,182.2077075,5.934995,1.475884356,5.234995,2.000008617,5.886765
021_190℃_010_1.5mm.csv,1.5,190,10,193.4935828,4.1501,1.457970685,3.450095,2.000087863,4.118345
022_190℃_010_1.5mm.csv,1.5,190,10,193.5486487,4.14443,1.457950573,3.44443,2.000087351,4.112845
023_190℃_010_1.5mm.csv,1.5,190,10,193.5203548,4.144945,1.460106354,3.444945,2.000051689,4.11308
024_190℃_010_1.5mm.csv,1.5,190,10,193.5471157,4.146645,1.462499978,3.446645,2.000023,4.114635
025_190℃_010_1.5mm.csv,1.5,190,10,193.509279,4.157225,1.463279376,3.457225,2.000051213,4.12526
026_190℃_010_1.5mm.csv,1.5,190,10,193.4640652,4.154605,1.462451214,3.4546,2.000005354,4.12264
027_190℃_010_1.5mm.csv,1.5,190,10,193.5007117,4.151705,1.466109218,3.451705,2.000038922,4.119655
028_190℃_010_1.5mm.csv,1.5,190,10,193.4860477,4.15666,1.465900192,3.45666,2.0000312,4.12454
029_190℃_010_1.5mm.csv,1.5,190,10,193.4942918,4.15733,1.462268014,3.457325,2.000010634,4.12562
030_190℃_010_1.5mm.csv,1.5,190,10,193.484121,4.15167,1.464682115,3.451665,2.000028068,4.11996
031_190℃_020_1.5mm.csv,1.5,190,20,195.2292993,3.293882,1.443285085,2.593882,2.000012999,3.273314
032_190℃_020_1.5mm.csv,1.5,190,20,195.262753,3.290074,1.439831504,2.590072,2.000065254,3.269538
033_190℃_020_1.5mm.csv,1.5,190,20,195.278749,3.289904,1.446773171,2.589904,2.000040996,3.269352
034_190℃_020_1.5mm.csv,1.5,190,20,195.3743128,3.289238,1.441782367,2.589238,2.000037678,3.268928
035_190℃_020_1.5mm.csv,1.5,190,20,195.3417281,3.29951,1.446074688,2.599508,2.000000438,3.278682
036_190℃_020_1.5mm.csv,1.5,190,20,195.3131595,3.295454,1.445047266,2.595454,2.000028057,3.274628
037_190℃_020_1.5mm.csv,1.5,190,20,195.3007549,3.294092,1.44460864,2.594092,2.000014966,3.273156
038_190℃_020_1.5mm.csv,1.5,190,20,195.3640031,3.290446,1.448561064,2.590446,2.000023011,3.269432
039_190℃_020_1.5mm.csv,1.5,190,20,195.3730911,3.29086,1.450955354,2.59086,2.000011841,3.269738
040_190℃_020_1.5mm.csv,1.5,190,20,195.3690284,3.291306,1.449064588,2.591306,2.000019433,3.270194
041_190℃_040_1.5mm.csv,1.5,190,40,196.0897069,2.87229,1.445643753,2.17229,2.00018569,2.85483
042_190℃_040_1.5mm.csv,1.5,190,40,196.141592,2.8661,1.442494248,2.1661,2.000256067,2.848896
043_190℃_040_1.5mm.csv,1.5,190,40,196.0815125,2.86721,1.443329397,2.16721,2.000051397,2.849946
044_190℃_040_1.5mm.csv,1.5,190,40,196.1356724,2.867664,1.444638046,2.167664,2.000200521,2.850512
045_190℃_040_1.5mm.csv,1.5,190,40,196.0988513,2.868078,1.443522318,2.168076,2.000186046,2.850856
046_190℃_040_1.5mm.csv,1.5,190,40,196.1194237,2.867016,1.446727022,2.167016,2.000102266,2.84981
047_190℃_040_1.5mm.csv,1.5,190,40,196.1177565,2.8678,1.444241915,2.1678,2.000219613,2.850598
048_190℃_040_1.5mm.csv,1.5,190,40,196.1400348,2.866788,1.447054552,2.166786,2.000242677,2.849538
049_190℃_040_1.5mm.csv,1.5,190,40,196.0810219,2.867712,1.446395307,2.167712,2.000186192,2.850242
050_190℃_040_1.5mm.csv,1.5,190,40,196.0787361,2.870706,1.443100421,2.170706,2.000041811,2.853334
051_190℃_080_1.5mm.csv,1.5,190,80,198.2510809,2.65872,1.43337151,1.958718,2.000063361,2.638102
052_190℃_080_1.5mm.csv,1.5,190,80,198.2157301,2.658688,1.433506921,1.958686,2.000348183,2.638178
053_190℃_080_1.5mm.csv,1.5,190,80,198.2731523,2.657494,1.430782236,1.957494,2.000659377,2.637692
054_190℃_080_1.5mm.csv,1.5,190,80,198.2653752,2.658084,1.43214888,1.958082,2.000137181,2.638098
055_190℃_080_1.5mm.csv,1.5,190,80,198.3217281,2.657998,1.434397935,1.957998,2.000130787,2.637998
056_190℃_080_1.5mm.csv,1.5,190,80,198.2870163,2.657226,1.43378007,1.957226,2.000350859,2.637096
057_190℃_080_1.5mm.csv,1.5,190,80,198.2998406,2.657836,1.436723549,1.957836,2.00049128,2.637794
058_190℃_080_1.5mm.csv,1.5,190,80,198.259345,2.656962,1.434426378,1.956962,2.000110842,2.637334
059_190℃_080_1.5mm.csv,1.5,190,80,198.2732159,2.658074,1.432391942,1.958074,2.000528106,2.638272
060_190℃_080_1.5mm.csv,1.5,190,80,198.2364346,2.659026,1.43106554,1.959026,2.000454671,2.638556
061_190℃_120_1.5mm.csv,1.5,190,120,200.8707647,2.622702,1.42986542,1.922702,2.000120791,2.570356
062_190℃_120_1.5mm.csv,1.5,190,120,200.9146373,2.614382,1.427744761,1.914382,2.000478502,2.56616
063_190℃_120_1.5mm.csv,1.5,190,120,200.9096748,2.616826,1.431018764,1.916826,2.000355489,2.56639
064_190℃_120_1.5mm.csv,1.5,190,120,200.9288029,2.616084,1.430770065,1.916084,2.000557926,2.56648
065_190℃_120_1.5mm.csv,1.5,190,120,200.9289109,2.619616,1.430114098,1.919614,2.000060589,2.565906
066_190℃_120_1.5mm.csv,1.5,190,120,200.8457903,2.621366,1.43457326,1.921366,2.000807617,2.566582
067_190℃_120_1.5mm.csv,1.5,190,120,200.8847928,2.617214,1.430531058,1.917212,2.000059703,2.565958
068_190℃_120_1.5mm.csv,1.5,190,120,200.9117994,2.615242,1.434926332,1.915242,2.00021095,2.566246
069_190℃_120_1.5mm.csv,1.5,190,120,200.8845572,2.615898,1.436446595,1.915898,2.000759941,2.565868
070_190℃_120_1.5mm.csv,1.5,190,120,200.9310129,2.613238,1.432046651,1.913238,2.000160607,2.565714
071_190℃_160_1.5mm.csv,1.5,190,160,204.7544845,2.57521,1.415522272,1.87521,2.000104008,2.52975
072_190℃_160_1.5mm.csv,1.5,190,160,204.8770691,2.57928,1.422000696,1.87928,2.000341229,2.53348
073_190℃_160_1.5mm.csv,1.5,190,160,204.8767578,2.575068,1.4258479,1.875068,2.000717989,2.5298
074_190℃_160_1.5mm.csv,1.5,190,160,204.8904718,2.57497,1.429378375,1.87497,2.000551812,2.530044
075_190℃_160_1.5mm.csv,1.5,190,160,204.9305114,2.57576,1.428257622,1.87576,2.000310108,2.529598
076_190℃_160_1.5mm.csv,1.5,190,160,204.9515082,2.57492,1.429259067,1.87492,2.000762409,2.529416
077_190℃_160_1.5mm.csv,1.5,190,160,204.9782769,2.575494,1.427059501,1.875494,2.000725478,2.529596
078_190℃_160_1.5mm.csv,1.5,190,160,204.9450273,2.575702,1.430391651,1.8757,2.000496022,2.52978
079_190℃_160_1.5mm.csv,1.5,190,160,204.9583004,2.574706,1.42784115,1.874706,2.000816824,2.529848
080_190℃_160_1.5mm.csv,1.5,190,160,204.9321783,2.574712,1.42483884,1.874712,2.000651196,2.530032
081_190℃_200_1.5mm.csv,1.5,190,200,207.3419759,2.546192,1.416623156,1.846192,2.000737285,2.507412
082_190℃_200_1.5mm.csv,1.5,190,200,207.3474137,2.546828,1.418247591,1.846828,2.000807986,2.507118
083_190℃_200_1.5mm.csv,1.5,190,200,207.3635848,2.545642,1.418910508,1.845642,2.000413414,2.507238
084_190℃_200_1.5mm.csv,1.5,190,200,207.4113368,2.545364,1.417867696,1.845362,2.000476078,2.507158
085_190℃_200_1.5mm.csv,1.5,190,200,207.3781312,2.54617,1.414121727,1.84617,2.000092969,2.507342
086_190℃_200_1.5mm.csv,1.5,190,200,207.3322902,2.54608,1.416348308,1.84608,2.000408105,2.507286
087_190℃_200_1.5mm.csv,1.5,190,200,207.4560858,2.545322,1.419977673,1.845322,2.000780061,2.506976
088_190℃_200_1.5mm.csv,1.5,190,200,207.4950699,2.545796,1.418451581,1.845794,2.000032638,2.50711
089_190℃_200_1.5mm.csv,1.5,190,200,207.439195,2.545778,1.417407957,1.845778,2.000612192,2.507234
090_190℃_200_1.5mm.csv,1.5,190,200,207.4738112,2.546414,1.415173043,1.846414,2.00075426,2.507064
091_190℃_240_1.5mm.csv,1.5,190,240,208.7925915,2.531436,1.404879101,1.831436,2.000895741,2.496492
092_190℃_240_1.5mm.csv,1.5,190,240,208.8550179,2.527132,1.40631494,1.827132,2.000226446,2.49224
093_190℃_240_1.5mm.csv,1.5,190,240,208.9876143,2.527958,1.408072658,1.827958,2.000730607,2.49217
094_190℃_240_1.5mm.csv,1.5,190,240,208.9875256,2.527876,1.407533033,1.827876,2.000932091,2.49238
095_190℃_240_1.5mm.csv,1.5,190,240,209.0393205,2.526936,1.405807523,1.826936,2.000028568,2.492178
096_190℃_240_1.5mm.csv,1.5,190,240,209.1087637,2.527222,1.406806208,1.827222,2.000638821,2.491972
097_190℃_240_1.5mm.csv,1.5,190,240,209.0097508,2.52753,1.407249853,1.82753,2.000125253,2.492082
098_190℃_240_1.5mm.csv,1.5,190,240,209.0198809,2.52759,1.407582969,1.82759,2.000510794,2.492148
099_190℃_240_1.5mm.csv,1.5,190,240,209.0180145,2.527612,1.409412334,1.827612,2.000582308,2.492042
100_190℃_240_1.5mm.csv,1.5,190,240,209.166362,2.526812,1.410109937,1.826812,2.000299512,2.492084
101_190℃_280_1.5mm.csv,1.5,190,280,209.7809835,2.51462,1.40146454,1.81462,2.000511983,2.481082
102_190℃_280_1.5mm.csv,1.5,190,280,209.7728025,2.515098,1.402979172,1.815098,2.000892535,2.481112
103_190℃_280_1.5mm.csv,1.5,190,280,209.7534548,2.5196,1.402799752,1.8196,2.000072605,2.485436
104_190℃_280_1.5mm.csv,1.5,190,280,209.7702477,2.514848,1.406873508,1.814846,2.000060653,2.481106
105_190℃_280_1.5mm.csv,1.5,190,280,209.8698039,2.516254,1.404060692,1.816254,2.000676107,2.481074
106_190℃_280_1.5mm.csv,1.5,190,280,209.9434481,2.514324,1.405273561,1.814324,2.000714653,2.48078
107_190℃_280_1.5mm.csv,1.5,190,280,209.9491002,2.516278,1.402659207,1.816278,2.000030341,2.48063
108_190℃_280_1.5mm.csv,1.5,190,280,210.0305863,2.515136,1.404346291,1.815136,2.000062707,2.480734
109_190℃_280_1.5mm.csv,1.5,190,280,209.8219959,2.514866,1.402668579,1.814866,2.000063126,2.48094
110_190℃_280_1.5mm.csv,1.5,190,280,209.747992,2.514856,1.404559892,1.814856,2.000287998,2.480936
111_190℃_320_1.5mm.csv,1.5,190,320,210.2600706,2.505564,1.408799768,1.805562,2.000554958,2.47238
112_190℃_320_1.5mm.csv,1.5,190,320,210.0971544,2.506028,1.405736166,1.806026,2.000764606,2.472526
113_190℃_320_1.5mm.csv,1.5,190,320,210.1900287,2.504802,1.409198543,1.8048,2.000838836,2.472454
114_190℃_320_1.5mm.csv,1.5,190,320,210.3301411,2.505384,1.410589392,1.805384,2.000406515,2.472416
115_190℃_320_1.5mm.csv,1.5,190,320,210.2611919,2.505742,1.409136802,1.80574,2.000496348,2.47267
116_190℃_320_1.5mm.csv,1.5,190,320,210.2372325,2.505758,1.408171704,1.805756,2.000258982,2.472486
117_190℃_320_1.5mm.csv,1.5,190,320,210.1910872,2.505958,1.41071195,1.805956,2.000568023,2.47247
118_190℃_320_1.5mm.csv,1.5,190,320,210.3452494,2.5055,1.412282321,1.8055,2.000841991,2.472392
119_190℃_320_1.5mm.csv,1.5,190,320,210.4368636,2.509618,1.41484722,1.809616,2.000950159,2.476514
120_190℃_320_1.5mm.csv,1.5,190,320,210.3668708,2.506156,1.409403758,1.806156,2.000814246,2.47233
001_210℃_003_1.5mm.csv,1.5,210,3,176.7566979,8.41647,1.504757252,7.716465,2.000018543,8.33724
002_210℃_003_1.5mm.csv,1.5,210,3,176.7399954,8.43249,1.511533674,7.73249,2.000009024,8.352505
003_210℃_003_1.5mm.csv,1.5,210,3,176.7758639,8.40211,1.510135335,7.70211,2.000011732,8.32222
004_210℃_003_1.5mm.csv,1.5,210,3,176.8862163,8.414455,1.515950761,7.71445,2.000022445,8.3338
005_210℃_003_1.5mm.csv,1.5,210,3,176.8671731,8.44209,1.517497097,7.742085,2.000003758,8.36116
006_210℃_003_1.5mm.csv,1.5,210,3,176.8931193,8.396465,1.514337502,7.696465,2.000005852,8.31546
007_210℃_003_1.5mm.csv,1.5,210,3,176.954377,8.39861,1.518388278,7.69861,2.000029957,8.317845
008_210℃_003_1.5mm.csv,1.5,210,3,176.9502814,8.39271,1.517177701,7.69271,2.000032008,8.31181
009_210℃_003_1.5mm.csv,1.5,210,3,176.9319066,8.39612,1.517873763,7.696115,2.000007434,8.31549
010_210℃_003_1.5mm.csv,1.5,210,3,176.9119725,8.375185,1.520347935,7.67518,2.000016513,8.294985
011_210℃_005_1.5mm.csv,1.5,210,5,199.840636,5.945205,1.5063215,5.245205,2.000027135,5.867515
012_210℃_005_1.5mm.csv,1.5,210,5,199.8525576,5.943265,1.510409672,5.243265,2.000011301,5.86522
013_210℃_005_1.5mm.csv,1.5,210,5,199.7922634,5.938665,1.511761478,5.238665,2.000015352,5.860645
014_210℃_005_1.5mm.csv,1.5,210,5,199.8763056,5.93216,1.511443961,5.23216,2.000010978,5.854455
015_210℃_005_1.5mm.csv,1.5,210,5,199.8973656,5.928665,1.512950865,5.228665,2.000010847,5.850485
016_210℃_005_1.5mm.csv,1.5,210,5,199.8253477,5.92736,1.517272263,5.22736,2.000020004,5.84865
017_210℃_005_1.5mm.csv,1.5,210,5,199.8338539,5.91109,1.519613064,5.21109,2.000030117,5.832275
018_210℃_005_1.5mm.csv,1.5,210,5,199.8482444,5.943095,1.52009913,5.243095,2.00000419,5.863695
019_210℃_005_1.5mm.csv,1.5,210,5,199.8159793,5.92493,1.519876037,5.22493,2.000009458,5.84593
020_210℃_005_1.5mm.csv,1.5,210,5,199.7896386,5.913605,1.518899464,5.213605,2.000004017,5.83447
021_210℃_010_1.5mm.csv,1.5,210,10,212.8270268,4.151965,1.509488334,3.451965,2.000052968,4.100245
022_210℃_010_1.5mm.csv,1.5,210,10,212.8947692,4.151725,1.50876823,3.451725,2.000018473,4.100045
023_210℃_010_1.5mm.csv,1.5,210,10,212.8865417,4.158305,1.512230841,3.458305,2.000001818,4.106725
024_210℃_010_1.5mm.csv,1.5,210,10,212.9252852,4.14977,1.513530954,3.449765,2.000007893,4.097815
025_210℃_010_1.5mm.csv,1.5,210,10,212.8839611,4.14215,1.518330505,3.442145,2.000049121,4.09024
026_210℃_010_1.5mm.csv,1.5,210,10,212.8557681,4.14237,1.517572862,3.44237,2.000025858,4.090485
027_210℃_010_1.5mm.csv,1.5,210,10,212.7940888,4.13712,1.515774195,3.43712,2.000022942,4.0852
028_210℃_010_1.5mm.csv,1.5,210,10,212.8235534,4.14114,1.517831018,3.441135,2.00003389,4.0894
029_210℃_010_1.5mm.csv,1.5,210,10,212.8584619,4.138785,1.516754908,3.438785,2.000040873,4.08696
030_210℃_010_1.5mm.csv,1.5,210,10,212.8541742,4.126135,1.514153539,3.426135,2.000022263,4.074565
031_210℃_020_1.5mm.csv,1.5,210,20,215.0335418,3.288624,1.508754739,2.588624,2.000035004,3.258534
032_210℃_020_1.5mm.csv,1.5,210,20,215.0745854,3.28839,1.506421844,2.588388,2.000023253,3.25826
033_210℃_020_1.5mm.csv,1.5,210,20,215.0247145,3.292138,1.510801642,2.592138,2.000036932,3.261946
034_210℃_020_1.5mm.csv,1.5,210,20,215.0717295,3.28801,1.511536042,2.58801,2.000028922,3.25789
035_210℃_020_1.5mm.csv,1.5,210,20,215.129078,3.284982,1.508421111,2.584982,2.000020113,3.255016
036_210℃_020_1.5mm.csv,1.5,210,20,215.1292993,3.288532,1.513703625,2.588532,2.000032622,3.258416
037_210℃_020_1.5mm.csv,1.5,210,20,215.1217767,3.28614,1.510711079,2.58614,2.000004783,3.25611
038_210℃_020_1.5mm.csv,1.5,210,20,215.1681782,3.292092,1.512365044,2.592092,2.000024569,3.261844
039_210℃_020_1.5mm.csv,1.5,210,20,215.0942139,3.296668,1.514795827,2.596668,2.000043165,3.266606
040_210℃_020_1.5mm.csv,1.5,210,20,215.0980766,3.289256,1.510751312,2.589256,2.000029262,3.259076
041_210℃_040_1.5mm.csv,1.5,210,40,215.565906,2.86436,1.511568105,2.16436,2.000052869,2.843824
042_210℃_040_1.5mm.csv,1.5,210,40,215.6114377,2.86901,1.510455427,2.16901,2.000011961,2.848628
043_210℃_040_1.5mm.csv,1.5,210,40,215.5820085,2.865982,1.514067273,2.16598,2.000061762,2.845388
044_210℃_040_1.5mm.csv,1.5,210,40,215.6632934,2.864734,1.513944807,2.164734,2.000060606,2.844188
045_210℃_040_1.5mm.csv,1.5,210,40,215.6800295,2.86511,1.517088802,2.16511,2.000056397,2.844612
046_210℃_040_1.5mm.csv,1.5,210,40,215.6580699,2.866004,1.516531987,2.166004,2.000034686,2.845298
047_210℃_040_1.5mm.csv,1.5,210,40,215.6465193,2.864162,1.516842344,2.164162,2.000085622,2.843788
048_210℃_040_1.5mm.csv,1.5,210,40,215.6792903,2.863524,1.511742138,2.163524,2.000048586,2.842996
049_210℃_040_1.5mm.csv,1.5,210,40,215.7109156,2.864444,1.514897479,2.164442,2.000017656,2.84402
050_210℃_040_1.5mm.csv,1.5,210,40,215.7041625,2.868374,1.520632111,2.168374,2.000043277,2.847742
051_210℃_080_1.5mm.csv,1.5,210,80,217.3216492,2.654118,1.529413828,1.954118,2.000040598,2.635052
052_210℃_080_1.5mm.csv,1.5,210,80,217.4050126,2.655458,1.531665258,1.955458,2.000350544,2.63617
053_210℃_080_1.5mm.csv,1.5,210,80,217.365863,2.658692,1.53446648,1.958692,2.000120112,2.639264
054_210℃_080_1.5mm.csv,1.5,210,80,217.2576484,2.654624,1.536400413,1.954624,2.000202379,2.63529
055_210℃_080_1.5mm.csv,1.5,210,80,217.3129488,2.658264,1.533372359,1.958264,2.000150248,2.63909
056_210℃_080_1.5mm.csv,1.5,210,80,217.2989029,2.654998,1.537193662,1.954998,2.000205096,2.635798
057_210℃_080_1.5mm.csv,1.5,210,80,217.3150235,2.654608,1.534835954,1.954608,2.000321535,2.63515
058_210℃_080_1.5mm.csv,1.5,210,80,217.3271266,2.655458,1.528449469,1.955458,2.00030931,2.635952
059_210℃_080_1.5mm.csv,1.5,210,80,217.3212983,2.65818,1.529717867,1.95818,2.000004131,2.638912
060_210℃_080_1.5mm.csv,1.5,210,80,217.3337216,2.659336,1.53223732,1.959334,2.000084308,2.639856
061_210℃_120_1.5mm.csv,1.5,210,120,219.1412929,2.588868,1.525220409,1.888866,2.000579439,2.564962
062_210℃_120_1.5mm.csv,1.5,210,120,219.1336848,2.588346,1.526021879,1.888346,2.000131913,2.564626
063_210℃_120_1.5mm.csv,1.5,210,120,219.1886517,2.588622,1.526518408,1.888622,2.000347214,2.564156
064_210℃_120_1.5mm.csv,1.5,210,120,219.1813694,2.588296,1.5283134,1.888294,2.00004215,2.564784
065_210℃_120_1.5mm.csv,1.5,210,120,219.2330079,2.588584,1.529093342,1.888584,2.000150909,2.564804
066_210℃_120_1.5mm.csv,1.5,210,120,219.1851344,2.587908,1.531315097,1.887908,2.000043271,2.564376
067_210℃_120_1.5mm.csv,1.5,210,120,219.2055278,2.587732,1.529617549,1.887732,2.000602996,2.564014
068_210℃_120_1.5mm.csv,1.5,210,120,219.2134112,2.59222,1.534173848,1.892218,2.000297577,2.568342
069_210℃_120_1.5mm.csv,1.5,210,120,219.2460903,2.587824,1.52974275,1.887824,2.000290062,2.564808
070_210℃_120_1.5mm.csv,1.5,210,120,219.2372224,2.58889,1.533161176,1.888888,2.000472365,2.564682
071_210℃_160_1.5mm.csv,1.5,210,160,221.6667528,2.561634,1.52596202,1.861632,2.000152405,2.528902
072_210℃_160_1.5mm.csv,1.5,210,160,221.6707616,2.561296,1.524212732,1.861296,2.000243179,2.528744
073_210℃_160_1.5mm.csv,1.5,210,160,221.680294,2.564554,1.524696413,1.864554,2.000907161,2.528664
074_210℃_160_1.5mm.csv,1.5,210,160,221.6821889,2.563944,1.517366421,1.863944,2.000367829,2.528328
075_210℃_160_1.5mm.csv,1.5,210,160,221.7332533,2.561792,1.501841268,1.861792,2.000102387,2.52853
076_210℃_160_1.5mm.csv,1.5,210,160,221.7104145,2.562216,1.495887534,1.862216,2.00045999,2.52868
077_210℃_160_1.5mm.csv,1.5,210,160,221.6701114,2.563636,1.491499674,1.863636,2.000707732,2.528212
078_210℃_160_1.5mm.csv,1.5,210,160,221.7637284,2.56463,1.485896692,1.864628,2.000265858,2.5289
079_210℃_160_1.5mm.csv,1.5,210,160,221.757876,2.56233,1.480432869,1.86233,2.000842507,2.528338
080_210℃_160_1.5mm.csv,1.5,210,160,221.8117859,2.56215,1.481092051,1.86215,2.000259993,2.52908
081_210℃_200_1.5mm.csv,1.5,210,200,224.0502656,2.540542,1.519692987,1.840542,2.000631548,2.506554
082_210℃_200_1.5mm.csv,1.5,210,200,224.1145629,2.540026,1.525301899,1.840024,2.000093173,2.506516
083_210℃_200_1.5mm.csv,1.5,210,200,224.0678565,2.539544,1.523392497,1.839544,2.000441903,2.506678
084_210℃_200_1.5mm.csv,1.5,210,200,224.0680008,2.539922,1.522929817,1.839922,2.000366525,2.506698
085_210℃_200_1.5mm.csv,1.5,210,200,224.0702471,2.539562,1.52330146,1.839562,2.000335913,2.50637
086_210℃_200_1.5mm.csv,1.5,210,200,224.0035776,2.539262,1.524943964,1.839262,2.000477038,2.50652
087_210℃_200_1.5mm.csv,1.5,210,200,224.0539107,2.540798,1.522105668,1.840796,2.000828844,2.50643
088_210℃_200_1.5mm.csv,1.5,210,200,224.1314931,2.53989,1.525526025,1.839888,2.000904334,2.506208
089_210℃_200_1.5mm.csv,1.5,210,200,224.1020485,2.54404,1.525842678,1.84404,2.000102106,2.510754
090_210℃_200_1.5mm.csv,1.5,210,200,224.0591826,2.540376,1.532325138,1.840374,2.000739345,2.506794
091_210℃_240_1.5mm.csv,1.5,210,240,225.4305201,2.522008,1.526332922,1.822008,2.000860328,2.491462
092_210℃_240_1.5mm.csv,1.5,210,240,225.4655066,2.526098,1.528062354,1.826096,2.00004028,2.495114
093_210℃_240_1.5mm.csv,1.5,210,240,225.4270583,2.52637,1.526753246,1.82637,2.000685177,2.495452
094_210℃_240_1.5mm.csv,1.5,210,240,225.4421569,2.522364,1.527733365,1.822364,2.000446461,2.49135
095_210℃_240_1.5mm.csv,1.5,210,240,225.4192682,2.522532,1.528455876,1.822532,2.000935301,2.491478
096_210℃_240_1.5mm.csv,1.5,210,240,225.4745207,2.522052,1.531311842,1.822052,2.000556912,2.491316
097_210℃_240_1.5mm.csv,1.5,210,240,225.5199671,2.522494,1.527621521,1.822494,2.000362705,2.491138
098_210℃_240_1.5mm.csv,1.5,210,240,225.3933285,2.52233,1.530169918,1.822328,2.000675293,2.491448
099_210℃_240_1.5mm.csv,1.5,210,240,225.4655901,2.522348,1.529115197,1.822348,2.000635009,2.491256
100_210℃_240_1.5mm.csv,1.5,210,240,225.3802528,2.522132,1.528477212,1.822132,2.000995009,2.491344
101_210℃_280_1.5mm.csv,1.5,210,280,226.2971637,2.510542,1.522735939,1.810542,2.001004437,2.480358
102_210℃_280_1.5mm.csv,1.5,210,280,226.3633309,2.510892,1.528097045,1.81089,2.000681459,2.480346
103_210℃_280_1.5mm.csv,1.5,210,280,226.3031837,2.510324,1.532908246,1.810324,2.000803405,2.48034
104_210℃_280_1.5mm.csv,1.5,210,280,226.4259133,2.51083,1.537017131,1.81083,2.001065566,2.480318
105_210℃_280_1.5mm.csv,1.5,210,280,226.3751559,2.51382,1.540688143,1.81382,2.000836828,2.484196
106_210℃_280_1.5mm.csv,1.5,210,280,226.4369564,2.510546,1.536449168,1.810544,2.000148701,2.480202
107_210℃_280_1.5mm.csv,1.5,210,280,226.320945,2.510356,1.5335993,1.810356,2.000597946,2.480684
108_210℃_280_1.5mm.csv,1.5,210,280,226.2532676,2.509994,1.532030092,1.809994,2.000558689,2.480302
109_210℃_280_1.5mm.csv,1.5,210,280,226.4342614,2.510272,1.536263985,1.810272,2.000151927,2.47999
110_210℃_280_1.5mm.csv,1.5,210,280,226.3815609,2.510016,1.534688688,1.810016,2.000910806,2.480188
111_210℃_320_1.5mm.csv,1.5,210,320,226.8222008,2.506082,1.526551067,1.80608,2.000776762,2.475602
112_210℃_320_1.5mm.csv,1.5,210,320,226.7754624,2.501852,1.526402953,1.801852,2.000343981,2.471848
113_210℃_320_1.5mm.csv,1.5,210,320,226.8204979,2.501182,1.528052307,1.801182,2.000957305,2.471708
114_210℃_320_1.5mm.csv,1.5,210,320,226.899647,2.50132,1.531178685,1.80132,2.000321693,2.471446
115_210℃_320_1.5mm.csv,1.5,210,320,226.7896196,2.501836,1.527055967,1.801836,2.001079358,2.471944
116_210℃_320_1.5mm.csv,1.5,210,320,226.8477056,2.504878,1.528876863,1.804876,2.000269632,2.475538
117_210℃_320_1.5mm.csv,1.5,210,320,226.7338332,2.505852,1.5267128,1.805852,2.000881587,2.475744
118_210℃_320_1.5mm.csv,1.5,210,320,226.8654674,2.501726,1.530131239,1.801724,2.000872153,2.47174
119_210℃_320_1.5mm.csv,1.5,210,320,226.8370438,2.501766,1.53372823,1.801766,2.000317739,2.471714
120_210℃_320_1.5mm.csv,1.5,210,320,226.8800193,2.500984,1.532826033,1.800984,2.000816389,2.471616
001_230℃_003_1.5mm.csv,1.5,230,3,191.408969,8.456125,1.560244351,7.75612,2.000001652,8.34063
002_230℃_003_1.5mm.csv,1.5,230,3,191.7173831,8.416795,1.565316736,7.716795,2.000009936,8.300445
003_230℃_003_1.5mm.csv,1.5,230,3,191.8855551,8.36633,1.563315034,7.66633,2.000014468,8.249145
004_230℃_003_1.5mm.csv,1.5,230,3,192.0688396,8.375635,1.56380338,7.675635,2.000011075,8.258215
005_230℃_003_1.5mm.csv,1.5,230,3,192.1531424,8.386575,1.5689292,7.686575,2.000014027,8.268505
006_230℃_003_1.5mm.csv,1.5,230,3,192.2386697,8.38519,1.571901297,7.68519,2.000013683,8.26741
007_230℃_003_1.5mm.csv,1.5,230,3,192.3564694,8.354665,1.56496129,7.654665,2.000008439,8.237015
008_230℃_003_1.5mm.csv,1.5,230,3,192.405772,8.39366,1.569292748,7.69366,2.000012179,8.274735
009_230℃_003_1.5mm.csv,1.5,230,3,192.4100008,8.427275,1.569479783,7.72727,2.000006828,8.30876
010_230℃_003_1.5mm.csv,1.5,230,3,192.4610328,8.381445,1.578305782,7.681445,2.000002351,8.261585
011_230℃_005_1.5mm.csv,1.5,230,5,218.39435,5.901035,1.564951863,5.201035,2.000012253,5.77455
012_230℃_005_1.5mm.csv,1.5,230,5,218.4341744,5.914315,1.564250649,5.214315,2.000007975,5.786865
013_230℃_005_1.5mm.csv,1.5,230,5,218.4839542,5.91555,1.569285559,5.21555,2.000018597,5.78803
014_230℃_005_1.5mm.csv,1.5,230,5,218.4650544,5.90538,1.568756868,5.205375,2.000014923,5.777475
015_230℃_005_1.5mm.csv,1.5,230,5,218.423949,5.89686,1.567748046,5.19686,2.00001133,5.7695
016_230℃_005_1.5mm.csv,1.5,230,5,218.4745499,5.91976,1.570383312,5.219755,2.000018231,5.793865
017_230℃_005_1.5mm.csv,1.5,230,5,218.4582258,5.89114,1.569188973,5.191135,2.000013001,5.7649
018_230℃_005_1.5mm.csv,1.5,230,5,218.4568134,5.8912,1.571136356,5.1912,2.000002779,5.76438
019_230℃_005_1.5mm.csv,1.5,230,5,218.4909054,5.891805,1.574487257,5.191805,2.000007965,5.76541
020_230℃_005_1.5mm.csv,1.5,230,5,218.4572115,5.900425,1.574982749,5.200425,2.000009429,5.77146
021_230℃_010_1.5mm.csv,1.5,230,10,232.71417,4.14688,1.538502062,3.44688,2.000023264,4.068485
022_230℃_010_1.5mm.csv,1.5,230,10,232.7379125,4.1441,1.546105991,3.4441,2.000016173,4.065575
023_230℃_010_1.5mm.csv,1.5,230,10,232.7583999,4.134935,1.547611162,3.434935,2.000008348,4.056115
024_230℃_010_1.5mm.csv,1.5,230,10,232.8272283,4.144705,1.535489081,3.4447,2.000026996,4.067135
025_230℃_010_1.5mm.csv,1.5,230,10,232.7696332,4.13677,1.525566792,3.43677,2.000032399,4.06055
026_230℃_010_1.5mm.csv,1.5,230,10,232.8453595,4.134395,1.520155864,3.434395,2.000003437,4.057845
027_230℃_010_1.5mm.csv,1.5,230,10,232.7972162,4.133285,1.52839457,3.433285,2.000030415,4.05648
028_230℃_010_1.5mm.csv,1.5,230,10,232.784328,4.142615,1.527289985,3.44261,2.000022246,4.0668
029_230℃_010_1.5mm.csv,1.5,230,10,232.747151,4.14731,1.530203833,3.447305,2.000033316,4.07024
030_230℃_010_1.5mm.csv,1.5,230,10,232.7821805,4.13912,1.532051671,3.439115,2.000008148,4.062825
031_230℃_020_1.5mm.csv,1.5,230,20,235.2561284,3.292506,1.533448327,2.592506,2.000021228,3.250226
032_230℃_020_1.5mm.csv,1.5,230,20,235.300332,3.29073,1.536479812,2.59073,2.000003843,3.24828
033_230℃_020_1.5mm.csv,1.5,230,20,235.2745737,3.288844,1.539662085,2.588844,2.000011963,3.246122
034_230℃_020_1.5mm.csv,1.5,230,20,235.2930266,3.285514,1.539541905,2.585514,2.000010674,3.243052
035_230℃_020_1.5mm.csv,1.5,230,20,235.296132,3.28614,1.540344405,2.58614,2.000000754,3.243338
036_230℃_020_1.5mm.csv,1.5,230,20,235.2693445,3.28998,1.540254239,2.58998,2.000000809,3.24731
037_230℃_020_1.5mm.csv,1.5,230,20,235.2659775,3.29037,1.538686438,2.59037,2.000001389,3.247676
038_230℃_020_1.5mm.csv,1.5,230,20,235.2480293,3.290352,1.53970346,2.590352,2.000010829,3.247692
039_230℃_020_1.5mm.csv,1.5,230,20,235.2100146,3.289338,1.533439569,2.589338,2.000008753,3.247122
040_230℃_020_1.5mm.csv,1.5,230,20,235.1607557,3.29031,1.541411447,2.59031,2.00000536,3.24789
041_230℃_040_1.5mm.csv,1.5,230,40,235.8405407,2.861756,1.539491589,2.161754,2.000062412,2.835692
042_230℃_040_1.5mm.csv,1.5,230,40,235.8376226,2.865346,1.538983449,2.165344,2.000031061,2.839314
043_230℃_040_1.5mm.csv,1.5,230,40,235.8296365,2.865268,1.540743494,2.165268,2.000046448,2.839358
044_230℃_040_1.5mm.csv,1.5,230,40,235.8850591,2.863882,1.542521865,2.163882,2.000064967,2.837866
045_230℃_040_1.5mm.csv,1.5,230,40,235.8847058,2.868474,1.547411674,2.168474,2.000021699,2.842374
046_230℃_040_1.5mm.csv,1.5,230,40,235.8674527,2.861706,1.553851794,2.161706,2.000056963,2.83542
047_230℃_040_1.5mm.csv,1.5,230,40,235.8891132,2.862414,1.553294088,2.162414,2.000064742,2.83612
048_230℃_040_1.5mm.csv,1.5,230,40,235.8286043,2.865198,1.554707729,2.165198,2.000053035,2.839074
049_230℃_040_1.5mm.csv,1.5,230,40,235.8620651,2.86463,1.555517613,2.16463,2.000052711,2.838704
050_230℃_040_1.5mm.csv,1.5,230,40,235.8479838,2.865306,1.559391652,2.165306,2.000027919,2.838994
051_230℃_080_1.5mm.csv,1.5,230,80,237.5204476,2.659402,1.56235268,1.959402,2.000121366,2.638734
052_230℃_080_1.5mm.csv,1.5,230,80,237.4219093,2.655654,1.556295253,1.955652,2.000017805,2.634962
053_230℃_080_1.5mm.csv,1.5,230,80,237.4501604,2.654816,1.5574959,1.954816,2.00004056,2.634158
054_230℃_080_1.5mm.csv,1.5,230,80,237.449582,2.655384,1.557978173,1.955382,2.000032091,2.634646
055_230℃_080_1.5mm.csv,1.5,230,80,237.4175912,2.65519,1.55842379,1.955188,2.000040829,2.634654
056_230℃_080_1.5mm.csv,1.5,230,80,237.4163909,2.654688,1.560161255,1.954686,2.00011434,2.63448
057_230℃_080_1.5mm.csv,1.5,230,80,237.3886212,2.654238,1.553985538,1.954238,2.000129184,2.633844
058_230℃_080_1.5mm.csv,1.5,230,80,237.415566,2.653384,1.552408943,1.953384,2.000055972,2.632854
059_230℃_080_1.5mm.csv,1.5,230,80,237.4481299,2.65728,1.552038449,1.95728,2.00010855,2.636796
060_230℃_080_1.5mm.csv,1.5,230,80,237.3677243,2.658476,1.557123206,1.958476,2.000007286,2.637514
061_230℃_120_1.5mm.csv,1.5,230,120,238.9386407,2.58418,1.538543164,1.88418,2.000384442,2.563272
062_230℃_120_1.5mm.csv,1.5,230,120,238.9406631,2.584252,1.545062131,1.884252,2.000244964,2.56306
063_230℃_120_1.5mm.csv,1.5,230,120,239.0141979,2.584672,1.546134913,1.884672,2.000338849,2.563654
064_230℃_120_1.5mm.csv,1.5,230,120,238.9952865,2.584284,1.544442383,1.884284,2.00039513,2.56359
065_230℃_120_1.5mm.csv,1.5,230,120,238.979827,2.589538,1.545923807,1.889536,2.000469432,2.568516
066_230℃_120_1.5mm.csv,1.5,230,120,238.9907628,2.585616,1.546518003,1.885616,2.000473486,2.564952
067_230℃_120_1.5mm.csv,1.5,230,120,238.962829,2.589512,1.54584057,1.889512,2.000449548,2.568224
068_230℃_120_1.5mm.csv,1.5,230,120,238.9425671,2.586008,1.548308336,1.886008,2.000401336,2.564744
069_230℃_120_1.5mm.csv,1.5,230,120,238.9545269,2.585012,1.545446023,1.885012,2.000390584,2.563904
070_230℃_120_1.5mm.csv,1.5,230,120,238.9842155,2.585066,1.549274045,1.885066,2.000284986,2.564082
071_230℃_160_1.5mm.csv,1.5,230,160,240.82516,2.55415,1.550045513,1.85415,2.000793368,2.528112
072_230℃_160_1.5mm.csv,1.5,230,160,240.8068595,2.553304,1.547103553,1.853304,2.000045702,2.5277
073_230℃_160_1.5mm.csv,1.5,230,160,240.8230527,2.553322,1.549396234,1.853322,2.000335434,2.527892
074_230℃_160_1.5mm.csv,1.5,230,160,240.7737251,2.553982,1.550671675,1.853982,2.000569663,2.528078
075_230℃_160_1.5mm.csv,1.5,230,160,240.789212,2.553972,1.555458048,1.853972,2.000400674,2.527882
076_230℃_160_1.5mm.csv,1.5,230,160,240.8206055,2.55266,1.556248936,1.85266,2.000586557,2.527762
077_230℃_160_1.5mm.csv,1.5,230,160,240.7984349,2.555936,1.557503308,1.855936,2.000162385,2.528146
078_230℃_160_1.5mm.csv,1.5,230,160,240.826928,2.5532,1.557971848,1.8532,2.000376643,2.528256
079_230℃_160_1.5mm.csv,1.5,230,160,240.8276879,2.553452,1.556466508,1.853452,2.000355388,2.528068
080_230℃_160_1.5mm.csv,1.5,230,160,240.8230189,2.553672,1.556467161,1.85367,2.00060745,2.52747
081_230℃_200_1.5mm.csv,1.5,230,200,242.6621373,2.534456,1.546494707,1.834456,2.000350626,2.505616
082_230℃_200_1.5mm.csv,1.5,230,200,242.6486822,2.534942,1.551622651,1.834942,2.000568021,2.506322
083_230℃_200_1.5mm.csv,1.5,230,200,242.6513572,2.534618,1.553840692,1.834618,2.000549993,2.505658
084_230℃_200_1.5mm.csv,1.5,230,200,242.6514758,2.538294,1.555837679,1.838294,2.000983147,2.509238
085_230℃_200_1.5mm.csv,1.5,230,200,242.6632179,2.534562,1.55706082,1.83456,2.000374578,2.50581
086_230℃_200_1.5mm.csv,1.5,230,200,242.69538,2.53447,1.553284631,1.83447,2.000294355,2.50581
087_230℃_200_1.5mm.csv,1.5,230,200,242.7179578,2.535254,1.551737718,1.835252,2.000733962,2.506056
088_230℃_200_1.5mm.csv,1.5,230,200,242.648935,2.534716,1.5530508,1.834716,2.00003342,2.506014
089_230℃_200_1.5mm.csv,1.5,230,200,242.7152076,2.5385,1.556550737,1.8385,2.000106784,2.509762
090_230℃_200_1.5mm.csv,1.5,230,200,242.6911413,2.53491,1.55747719,1.83491,2.000013241,2.506272
091_230℃_240_1.5mm.csv,1.5,230,240,243.9654415,2.518442,1.549595126,1.818442,2.00104923,2.490928
092_230℃_240_1.5mm.csv,1.5,230,240,243.9158103,2.52222,1.552952229,1.82222,2.000565568,2.49525
093_230℃_240_1.5mm.csv,1.5,230,240,243.99667,2.518078,1.548238513,1.818078,2.000090541,2.490634
094_230℃_240_1.5mm.csv,1.5,230,240,244.0210573,2.518196,1.555151535,1.818196,2.001043573,2.490794
095_230℃_240_1.5mm.csv,1.5,230,240,243.97795,2.517962,1.552725661,1.817962,2.000199792,2.490738
096_230℃_240_1.5mm.csv,1.5,230,240,243.9628057,2.518216,1.554133135,1.818216,2.000730378,2.4907
097_230℃_240_1.5mm.csv,1.5,230,240,243.926013,2.5227,1.552857338,1.8227,2.000082849,2.494664
098_230℃_240_1.5mm.csv,1.5,230,240,243.8895052,2.52255,1.54921704,1.82255,2.001004124,2.495044
099_230℃_240_1.5mm.csv,1.5,230,240,243.8301845,2.522456,1.553322282,1.822456,2.001002005,2.495228
100_230℃_240_1.5mm.csv,1.5,230,240,243.8738435,2.522268,1.549913055,1.822268,2.000294219,2.494954
101_230℃_280_1.5mm.csv,1.5,230,280,244.8111042,2.50673,1.552066797,1.806728,2.000928839,2.479452
102_230℃_280_1.5mm.csv,1.5,230,280,244.7601254,2.506652,1.552160207,1.806652,2.000189845,2.479658
103_230℃_280_1.5mm.csv,1.5,230,280,244.7522116,2.510326,1.55339864,1.810326,2.000105135,2.483706
104_230℃_280_1.5mm.csv,1.5,230,280,244.7829196,2.50662,1.555692901,1.80662,2.000156554,2.479684
105_230℃_280_1.5mm.csv,1.5,230,280,244.7845128,2.506706,1.553852065,1.806706,2.000779796,2.479508
106_230℃_280_1.5mm.csv,1.5,230,280,244.7333828,2.510974,1.558984066,1.810974,2.000331534,2.48385
107_230℃_280_1.5mm.csv,1.5,230,280,244.7720189,2.50667,1.555921912,1.806668,2.00045779,2.479682
108_230℃_280_1.5mm.csv,1.5,230,280,244.8253424,2.506104,1.556681327,1.806102,2.000159023,2.479468
109_230℃_280_1.5mm.csv,1.5,230,280,244.757688,2.506744,1.561100908,1.806744,2.000312387,2.479678
110_230℃_280_1.5mm.csv,1.5,230,280,244.66084,2.506706,1.555207278,1.806706,2.0004649,2.480164
111_230℃_320_1.5mm.csv,1.5,230,320,245.313147,2.498286,1.539452399,1.798286,2.001105897,2.470872
112_230℃_320_1.5mm.csv,1.5,230,320,245.3219545,2.49767,1.54152536,1.79767,2.00067691,2.470974
113_230℃_320_1.5mm.csv,1.5,230,320,245.2554545,2.49766,1.540849418,1.79766,2.000985171,2.471118
114_230℃_320_1.5mm.csv,1.5,230,320,245.23885,2.497704,1.540307809,1.797702,2.000358958,2.471052
115_230℃_320_1.5mm.csv,1.5,230,320,245.2422405,2.497452,1.541414971,1.797452,2.000488327,2.471172
116_230℃_320_1.5mm.csv,1.5,230,320,245.2871602,2.497782,1.547218388,1.797782,2.00044898,2.471192
117_230℃_320_1.5mm.csv,1.5,230,320,245.1532157,2.49724,1.548805271,1.797238,2.00073568,2.47124
118_230℃_320_1.5mm.csv,1.5,230,320,245.2417578,2.50148,1.548769757,1.80148,2.000862788,2.475216
119_230℃_320_1.5mm.csv,1.5,230,320,245.2369309,2.497594,1.548007414,1.797594,2.000897284,2.471092
120_230℃_320_1.5mm.csv,1.5,230,320,245.2436322,2.498146,1.547317012,1.798144,2.001190985,2.47118
001_190℃_003_2.0mm.csv,2.0,190,3,174.9197666,8.991405,1.764401738,8.291405,2.000007183,8.784485
002_190℃_003_2.0mm.csv,2.0,190,3,174.9437912,8.981775,1.763755011,8.281775,2.000002302,8.77655
003_190℃_003_2.0mm.csv,2.0,190,3,174.9196456,8.985215,1.763777591,8.285215,2.000003299,8.77695
004_190℃_003_2.0mm.csv,2.0,190,3,174.9556788,8.964415,1.763111883,8.264415,2.000004982,8.757905
005_190℃_003_2.0mm.csv,2.0,190,3,174.9742516,8.969865,1.759480133,8.269865,2.000000355,8.76299
006_190℃_003_2.0mm.csv,2.0,190,3,175.014643,8.93845,1.761501309,8.23845,2.000003413,8.730665
007_190℃_003_2.0mm.csv,2.0,190,3,174.8824706,8.95169,1.759065869,8.25169,2.000001118,8.743355
008_190℃_003_2.0mm.csv,2.0,190,3,174.8757798,8.952425,1.762087063,8.252425,2.000003482,8.744135
009_190℃_003_2.0mm.csv,2.0,190,3,174.9242885,8.97646,1.760098986,8.27646,2.000003512,8.768575
010_190℃_003_2.0mm.csv,2.0,190,3,174.9462202,8.94895,1.76174036,8.24895,2.000003591,8.741465
011_190℃_005_2.0mm.csv,2.0,190,5,188.5451866,6.26836,1.728488389,5.56836,2.000007417,6.107425
012_190℃_005_2.0mm.csv,2.0,190,5,188.7158977,6.253395,1.724894622,5.553395,2.000001636,6.09227
013_190℃_005_2.0mm.csv,2.0,190,5,188.7252965,6.248395,1.730327539,5.548395,2.000005299,6.087625
014_190℃_005_2.0mm.csv,2.0,190,5,188.8045464,6.253985,1.729335834,5.55398,2.000000937,6.09293
015_190℃_005_2.0mm.csv,2.0,190,5,188.8605026,6.23922,1.732661206,5.53922,2.000008225,6.07604
016_190℃_005_2.0mm.csv,2.0,190,5,188.7554053,6.26452,1.740926084,5.564515,2.003626285,
017_190℃_005_2.0mm.csv,2.0,190,5,188.8175587,6.25825,1.737798575,5.55825,2.000003581,6.095
018_190℃_005_2.0mm.csv,2.0,190,5,188.8062498,6.25614,1.743058694,5.55614,2.000000045,6.09115
019_190℃_005_2.0mm.csv,2.0,190,5,188.8997112,6.25298,1.738700814,5.55298,2.000006902,6.08889
020_190℃_005_2.0mm.csv,2.0,190,5,188.8126796,6.26961,1.739030626,5.569605,2.000002768,6.105935
021_190℃_010_2.0mm.csv,2.0,190,10,194.6276028,4.311724,1.705188077,3.611724,2.00000545,4.22655
022_190℃_010_2.0mm.csv,2.0,190,10,194.8096659,4.310594,1.704418989,3.610594,2.000004414,4.225356
023_190℃_010_2.0mm.csv,2.0,190,10,194.8544909,4.312786,1.705410435,3.612786,2.000003094,4.22814
024_190℃_010_2.0mm.csv,2.0,190,10,194.873659,4.310158,1.707588956,3.610156,2.000006685,4.225344
025_190℃_010_2.0mm.csv,2.0,190,10,194.9494651,4.306602,1.706478393,3.606602,2.000745107,
026_190℃_010_2.0mm.csv,2.0,190,10,194.7939055,4.30349,1.711580545,3.60349,2.000006281,4.22003
027_190℃_010_2.0mm.csv,2.0,190,10,194.8606809,4.309512,1.708756663,3.60951,2.000000209,4.227352
028_190℃_010_2.0mm.csv,2.0,190,10,194.8584618,4.31338,1.710079603,3.613378,2.000007715,4.231696
029_190℃_010_2.0mm.csv,2.0,190,10,194.6874674,4.31779,1.71208369,3.617788,2.000008053,4.235646
030_190℃_010_2.0mm.csv,2.0,190,10,194.8392167,4.315226,1.710305053,3.615226,2.000002401,4.23343
031_190℃_020_2.0mm.csv,2.0,190,20,195.328148,3.371645,1.691266559,2.671645,2.000008728,3.330215
032_190℃_020_2.0mm.csv,2.0,190,20,195.5342456,3.370057,1.691655631,2.670057,2.000002974,3.328655
033_190℃_020_2.0mm.csv,2.0,190,20,195.5720505,3.37093,1.691796569,2.67093,2.000007587,3.329349
034_190℃_020_2.0mm.csv,2.0,190,20,195.5637517,3.369032,1.699863159,2.669031,2.00000759,3.327223
035_190℃_020_2.0mm.csv,2.0,190,20,195.6044687,3.373861,1.700101966,2.67386,2.00000165,3.331726
036_190℃_020_2.0mm.csv,2.0,190,20,195.6178911,3.373571,1.700112582,2.673571,2.000031938,
037_190℃_020_2.0mm.csv,2.0,190,20,195.569618,3.371088,1.704151848,2.671088,2.000006914,3.328543
038_190℃_020_2.0mm.csv,2.0,190,20,195.4728545,3.370664,1.698174845,2.670663,2.000008386,3.329096
039_190℃_020_2.0mm.csv,2.0,190,20,195.4827934,3.370126,1.690518494,2.670126,2.000004031,3.328643
040_190℃_020_2.0mm.csv,2.0,190,20,195.4399926,3.371486,1.695522568,2.671486,2.000003881,3.329991
041_190℃_040_2.0mm.csv,2.0,190,40,195.8080533,2.912381,1.690087866,2.212381,2.000014834,2.886397
042_190℃_040_2.0mm.csv,2.0,190,40,195.8584355,2.906793,1.695720312,2.206793,2.000008241,2.88049
043_190℃_040_2.0mm.csv,2.0,190,40,195.8680016,2.907452,1.69506818,2.207452,2.000012725,2.881492
044_190℃_040_2.0mm.csv,2.0,190,40,195.902945,2.906413,1.696872037,2.206412,2.000013245,2.880105
045_190℃_040_2.0mm.csv,2.0,190,40,195.8603848,2.908154,1.701716329,2.208153,2.000016871,2.881829
046_190℃_040_2.0mm.csv,2.0,190,40,195.8259039,2.907239,1.698327745,2.207238,2.000020027,2.881048
047_190℃_040_2.0mm.csv,2.0,190,40,195.8171156,2.911775,1.698490264,2.211775,2.000016,2.885828
048_190℃_040_2.0mm.csv,2.0,190,40,195.801354,2.907675,1.696557714,2.207675,2.000008491,2.881652
049_190℃_040_2.0mm.csv,2.0,190,40,195.6897212,2.907598,1.698111349,2.207598,2.00000697,2.881817
050_190℃_040_2.0mm.csv,2.0,190,40,195.6946131,2.910294,1.698173007,2.210294,2.000014927,2.884302
051_190℃_080_2.0mm.csv,2.0,190,80,196.9159784,2.674679,1.685197394,1.974679,2.000025656,2.654127
052_190℃_080_2.0mm.csv,2.0,190,80,197.0468804,2.675099,1.689943367,1.975099,2.000008857,2.654603
053_190℃_080_2.0mm.csv,2.0,190,80,197.0800798,2.674595,1.689400289,1.974595,2.000030653,2.653952
054_190℃_080_2.0mm.csv,2.0,190,80,197.1449807,2.674163,1.693535247,1.974163,2.000042684,2.653429
055_190℃_080_2.0mm.csv,2.0,190,80,197.0918643,2.674298,1.694141065,1.974298,2.000016727,2.653821
056_190℃_080_2.0mm.csv,2.0,190,80,197.0803955,2.673742,1.695751867,1.973742,2.000002486,2.653232
057_190℃_080_2.0mm.csv,2.0,190,80,197.0682315,2.679303,1.699267386,1.979303,2.00003752,2.658484
058_190℃_080_2.0mm.csv,2.0,190,80,196.9479177,2.675782,1.698545087,1.975782,2.000022182,2.654828
059_190℃_080_2.0mm.csv,2.0,190,80,197.009372,2.675092,1.698989473,1.975092,2.000016276,2.654484
060_190℃_080_2.0mm.csv,2.0,190,80,196.9890971,2.675103,1.700939443,1.975103,2.000009892,2.654525
061_190℃_120_2.0mm.csv,2.0,190,120,197.9239639,2.59957,1.666979905,1.89957,2.000053265,2.577899
062_190℃_120_2.0mm.csv,2.0,190,120,198.2982267,2.598334,1.670030007,1.898334,2.000092542,2.576442
063_190℃_120_2.0mm.csv,2.0,190,120,198.4845032,2.598582,1.674727167,1.898582,2.000108176,2.576972
064_190℃_120_2.0mm.csv,2.0,190,120,198.4890416,2.599811,1.675418141,1.899811,2.000053817,2.577771
065_190℃_120_2.0mm.csv,2.0,190,120,198.4653478,2.598993,1.673534605,1.898992,2.000071407,2.5777
066_190℃_120_2.0mm.csv,2.0,190,120,198.501527,2.5996,1.675470164,1.899599,2.000069305,2.577455
067_190℃_120_2.0mm.csv,2.0,190,120,198.4607582,2.599106,1.679702018,1.899106,2.000047541,2.577673
068_190℃_120_2.0mm.csv,2.0,190,120,198.4483568,2.598895,1.684596665,1.898894,2.000027433,2.577465
069_190℃_120_2.0mm.csv,2.0,190,120,198.4618866,2.600489,1.687392835,1.900489,2.000084561,2.577986
070_190℃_120_2.0mm.csv,2.0,190,120,198.3958278,2.599331,1.685159239,1.899331,2.000072684,2.577126
071_190℃_160_2.0mm.csv,2.0,190,160,200.2738348,2.57778,1.667952041,1.877779,2.000023708,2.538515
072_190℃_160_2.0mm.csv,2.0,190,160,200.2759204,2.579974,1.668823442,1.879974,2.000085811,2.538437
073_190℃_160_2.0mm.csv,2.0,190,160,200.323047,2.57962,1.670818284,1.87962,2.000133477,2.538243
074_190℃_160_2.0mm.csv,2.0,190,160,200.3464116,2.575913,1.675697946,1.875913,2.000124903,2.538285
075_190℃_160_2.0mm.csv,2.0,190,160,200.3205272,2.57978,1.673079976,1.87978,2.000114275,2.53843
076_190℃_160_2.0mm.csv,2.0,190,160,200.3602232,2.57713,1.674942461,1.87713,2.000182778,2.53852
077_190℃_160_2.0mm.csv,2.0,190,160,200.3324315,2.576425,1.675944599,1.876425,2.000075423,2.538344
078_190℃_160_2.0mm.csv,2.0,190,160,200.2794993,2.581006,1.675267266,1.881006,2.00007192,2.538608
079_190℃_160_2.0mm.csv,2.0,190,160,200.282162,2.580881,1.676430395,1.88088,2.000180409,2.538683
080_190℃_160_2.0mm.csv,2.0,190,160,200.3314218,2.576418,1.677066667,1.876418,2.000127859,2.538649
081_190℃_200_2.0mm.csv,2.0,190,200,202.6543777,2.557585,1.650056623,1.857585,2.000227886,2.514779
082_190℃_200_2.0mm.csv,2.0,190,200,202.6456497,2.556132,1.656045705,1.856132,2.00005099,2.514552
083_190℃_200_2.0mm.csv,2.0,190,200,202.6782701,2.557238,1.658076439,1.857238,2.000148145,2.514327
084_190℃_200_2.0mm.csv,2.0,190,200,202.7191179,2.556908,1.660664237,1.856908,2.000078086,2.51457
085_190℃_200_2.0mm.csv,2.0,190,200,202.6928056,2.557243,1.661545855,1.857242,2.000253571,2.514577
086_190℃_200_2.0mm.csv,2.0,190,200,202.7485071,2.557296,1.664999675,1.857296,2.000095217,2.514495
087_190℃_200_2.0mm.csv,2.0,190,200,202.6854561,2.556189,1.664241102,1.856189,2.000256619,2.514659
088_190℃_200_2.0mm.csv,2.0,190,200,202.5940459,2.55652,1.667369033,1.85652,2.000031096,2.514715
089_190℃_200_2.0mm.csv,2.0,190,200,202.6506994,2.56211,1.667959961,1.862109,2.000011521,2.518707
090_190℃_200_2.0mm.csv,2.0,190,200,202.5861026,2.554594,1.670809355,1.854594,2.000135052,2.514377
091_190℃_240_2.0mm.csv,2.0,190,240,203.7526477,2.537302,1.638838198,1.837302,2.000077506,2.498301
092_190℃_240_2.0mm.csv,2.0,190,240,203.7913171,2.54252,1.642621173,1.842519,2.000042293,2.502522
093_190℃_240_2.0mm.csv,2.0,190,240,203.9536276,2.541646,1.647078129,1.841646,2.00003731,2.502357
094_190℃_240_2.0mm.csv,2.0,190,240,203.9346294,2.536011,1.654965958,1.836011,2.000118845,2.498213
095_190℃_240_2.0mm.csv,2.0,190,240,204.0854026,2.537448,1.653418064,1.837448,2.000037973,2.498059
096_190℃_240_2.0mm.csv,2.0,190,240,204.1967555,2.536773,1.65557136,1.836772,2.000003965,2.498098
097_190℃_240_2.0mm.csv,2.0,190,240,204.164765,2.541909,1.659153956,1.841909,2.000077154,2.50227
098_190℃_240_2.0mm.csv,2.0,190,240,204.1707769,2.535946,1.661426111,1.835946,2.000102013,2.498448
099_190℃_240_2.0mm.csv,2.0,190,240,204.3104182,2.537691,1.66416451,1.83769,2.000068386,2.498132
100_190℃_240_2.0mm.csv,2.0,190,240,204.1473283,2.537706,1.665358665,1.837706,2.000109696,2.49839
101_190℃_280_2.0mm.csv,2.0,190,280,205.2725697,2.524333,1.654160344,1.824333,2.000244928,2.486231
102_190℃_280_2.0mm.csv,2.0,190,280,205.4847111,2.523331,1.656372855,1.823331,2.000101128,2.486136
103_190℃_280_2.0mm.csv,2.0,190,280,205.3954695,2.524179,1.658579211,1.824178,2.000060822,2.486373
104_190℃_280_2.0mm.csv,2.0,190,280,205.4133146,2.523368,1.663685975,1.823368,2.000158423,2.486323
105_190℃_280_2.0mm.csv,2.0,190,280,205.5565097,2.523303,1.665442497,1.823303,2.000242044,2.486062
106_190℃_280_2.0mm.csv,2.0,190,280,205.3018031,2.52669,1.667209525,1.82669,2.000175727,2.49022
107_190℃_280_2.0mm.csv,2.0,190,280,205.4332688,2.522742,1.669385977,1.822742,2.00012914,2.486087
108_190℃_280_2.0mm.csv,2.0,190,280,205.5167702,2.522723,1.666560877,1.822723,2.000011388,2.486119
109_190℃_280_2.0mm.csv,2.0,190,280,205.5493502,2.522789,1.668471093,1.822789,2.000100381,2.48604
110_190℃_280_2.0mm.csv,2.0,190,280,205.338631,2.528186,1.673886476,1.828186,2.000240028,2.490085
111_190℃_320_2.0mm.csv,2.0,190,320,206.0668229,2.512504,1.660146597,1.812504,2.000012792,2.47688
112_190℃_320_2.0mm.csv,2.0,190,320,206.0161648,2.514118,1.659061907,1.814118,2.000154184,2.476658
113_190℃_320_2.0mm.csv,2.0,190,320,206.0020004,2.513288,1.656379015,1.813287,2.000154609,2.476879
114_190℃_320_2.0mm.csv,2.0,190,320,206.1342657,2.512605,1.657627095,1.812604,2.000308167,2.476874
115_190℃_320_2.0mm.csv,2.0,190,320,206.2214716,2.513225,1.660591757,1.813225,2.000276053,2.476831
116_190℃_320_2.0mm.csv,2.0,190,320,206.2177097,2.513034,1.665333937,1.813034,2.000005872,2.476828
117_190℃_320_2.0mm.csv,2.0,190,320,206.1001477,2.512552,1.668585395,1.812552,2.000224039,2.476771
118_190℃_320_2.0mm.csv,2.0,190,320,206.0320394,2.512627,1.668723202,1.812626,2.000006888,2.476758
119_190℃_320_2.0mm.csv,2.0,190,320,205.9926528,2.51417,1.668877509,1.81417,2.000013832,2.476993
120_190℃_320_2.0mm.csv,2.0,190,320,206.0933292,2.51296,1.670282074,1.81296,2.000251009,2.477036
001_210℃_003_2.0mm.csv,2.0,210,3,192.1332852,8.86848,1.742233259,8.16848,2.000005189,8.611425
002_210℃_003_2.0mm.csv,2.0,210,3,192.3792288,8.88047,1.745525813,8.18047,2.000002496,8.62249
003_210℃_003_2.0mm.csv,2.0,210,3,192.3636148,8.9361,1.751559307,8.2361,2.000003346,8.675135
004_210℃_003_2.0mm.csv,2.0,210,3,192.3767599,8.90174,1.752437116,8.20174,2.00000808,8.641545
005_210℃_003_2.0mm.csv,2.0,210,3,192.4271855,8.851405,1.7558482,8.151405,2.000006038,8.589505
006_210℃_003_2.0mm.csv,2.0,210,3,192.4536434,8.92699,1.761916079,8.22699,2.000004968,8.663785
007_210℃_003_2.0mm.csv,2.0,210,3,192.4240042,8.896985,1.768160865,8.196985,2.000000035,8.629265
008_210℃_003_2.0mm.csv,2.0,210,3,192.6105935,8.85413,1.770531412,8.15413,2.000006103,8.58479
009_210℃_003_2.0mm.csv,2.0,210,3,192.6607972,8.85761,1.771833605,8.15761,2.000002881,8.589565
010_210℃_003_2.0mm.csv,2.0,210,3,192.5982735,8.887755,1.772887221,8.187755,2.0000061,8.619005
011_210℃_005_2.0mm.csv,2.0,210,5,208.3089429,6.21911,1.756846117,5.51911,2.000003803,6.00038
012_210℃_005_2.0mm.csv,2.0,210,5,208.3031704,6.19068,1.759531872,5.49068,2.000004886,5.96981
013_210℃_005_2.0mm.csv,2.0,210,5,208.3996775,6.22525,1.76100541,5.52525,2.000003987,6.00211
014_210℃_005_2.0mm.csv,2.0,210,5,208.333577,6.21981,1.760389236,5.51981,2.000005318,5.994155
015_210℃_005_2.0mm.csv,2.0,210,5,208.2615183,6.214695,1.766639294,5.514695,2.000001897,5.98568
016_210℃_005_2.0mm.csv,2.0,210,5,208.2569944,6.21256,1.7678607,5.51256,2.000006574,5.98204
017_210℃_005_2.0mm.csv,2.0,210,5,208.2105842,6.205435,1.768710532,5.505435,2.00000368,5.9735
018_210℃_005_2.0mm.csv,2.0,210,5,208.2512528,6.19543,1.77050149,5.49543,2.00000487,5.959225
019_210℃_005_2.0mm.csv,2.0,210,5,208.2459737,6.208805,1.77472683,5.508805,2.00000042,5.96747
020_210℃_005_2.0mm.csv,2.0,210,5,208.2553859,6.21012,1.775060436,5.51012,2.000004842,5.966775
021_210℃_010_2.0mm.csv,2.0,210,10,214.9678541,4.298488,1.739572378,3.598488,2.00000032,4.162684
022_210℃_010_2.0mm.csv,2.0,210,10,215.1480949,4.276308,1.743867149,3.576308,2.000001308,4.13827
023_210℃_010_2.0mm.csv,2.0,210,10,215.1945288,4.28565,1.750025981,3.585648,2.000001567,4.14734
024_210℃_010_2.0mm.csv,2.0,210,10,215.1185399,4.285474,1.74525229,3.585472,2.000004705,4.146532
025_210℃_010_2.0mm.csv,2.0,210,10,215.0700568,4.282744,1.746261864,3.582744,2.000004799,4.144036
026_210℃_010_2.0mm.csv,2.0,210,10,215.0325362,4.283254,1.744896542,3.583252,2.0000048,4.144532
027_210℃_010_2.0mm.csv,2.0,210,10,215.0861079,4.284768,1.743713354,3.584766,2.00000185,4.146144
028_210℃_010_2.0mm.csv,2.0,210,10,214.9543932,4.292634,1.74637458,3.592632,2.000000063,4.154222
029_210℃_010_2.0mm.csv,2.0,210,10,215.0477025,4.296416,1.74467165,3.596414,2.000000229,4.157026
030_210℃_010_2.0mm.csv,2.0,210,10,215.0581698,4.288032,1.746715064,3.58803,2.000003545,4.14873
031_210℃_020_2.0mm.csv,2.0,210,20,215.9713296,3.354452,1.724832731,2.654452,2.000001227,3.289239
032_210℃_020_2.0mm.csv,2.0,210,20,215.8732505,3.356887,1.72744305,2.656887,2.000004658,3.292273
033_210℃_020_2.0mm.csv,2.0,210,20,215.8541543,3.356912,1.728622361,2.656912,2.000003979,3.292866
034_210℃_020_2.0mm.csv,2.0,210,20,215.8470797,3.358541,1.72944755,2.65854,2.000003527,3.29496
035_210℃_020_2.0mm.csv,2.0,210,20,215.8725688,3.354002,1.731848507,2.654002,2.000005717,3.290888
036_210℃_020_2.0mm.csv,2.0,210,20,215.8424416,3.355039,1.730613532,2.655038,2.000005022,3.292649
037_210℃_020_2.0mm.csv,2.0,210,20,215.7378217,3.359764,1.730385869,2.659764,2.000004838,3.297498
038_210℃_020_2.0mm.csv,2.0,210,20,215.7920729,3.355898,1.729277738,2.655897,2.000002325,3.294195
039_210℃_020_2.0mm.csv,2.0,210,20,215.8156076,3.358366,1.733470275,2.658366,2.00000386,3.296524
040_210℃_020_2.0mm.csv,2.0,210,20,215.7904165,3.362154,1.732019621,2.662154,2.000001293,3.300878
041_210℃_040_2.0mm.csv,2.0,210,40,216.1544661,2.90267,1.724026797,2.20267,2.000010346,2.865768
042_210℃_040_2.0mm.csv,2.0,210,40,216.2629758,2.900759,1.725432941,2.200759,2.000002993,2.863311
043_210℃_040_2.0mm.csv,2.0,210,40,216.3045587,2.897473,1.722872259,2.197472,2.00000543,2.859257
044_210℃_040_2.0mm.csv,2.0,210,40,216.2586243,2.899243,1.728041777,2.199243,2.000000323,2.86045
045_210℃_040_2.0mm.csv,2.0,210,40,216.1644321,2.89867,1.725483854,2.19867,2.000007952,2.859549
046_210℃_040_2.0mm.csv,2.0,210,40,216.170581,2.897831,1.726622539,2.197831,2.000008356,2.858385
047_210℃_040_2.0mm.csv,2.0,210,40,216.193445,2.898385,1.725762224,2.198385,2.00000971,2.858833
048_210℃_040_2.0mm.csv,2.0,210,40,216.2034866,2.900551,1.726138123,2.200551,2.000000281,2.860827
049_210℃_040_2.0mm.csv,2.0,210,40,216.1491845,2.898701,1.72827659,2.198701,2.000001573,2.859033
050_210℃_040_2.0mm.csv,2.0,210,40,216.1290163,2.897821,1.725733079,2.197821,2.000005565,2.858278
051_210℃_080_2.0mm.csv,2.0,210,80,217.1357244,2.670728,1.721018008,1.970728,2.000022612,2.645045
052_210℃_080_2.0mm.csv,2.0,210,80,217.2499431,2.670287,1.725607366,1.970287,2.000017116,2.644508
053_210℃_080_2.0mm.csv,2.0,210,80,217.2335377,2.673979,1.723153708,1.973978,2.000004461,2.648213
054_210℃_080_2.0mm.csv,2.0,210,80,217.2465801,2.670229,1.71976426,1.970229,2.000016754,2.644631
055_210℃_080_2.0mm.csv,2.0,210,80,217.2012898,2.670458,1.722834741,1.970458,2.000017596,2.645
056_210℃_080_2.0mm.csv,2.0,210,80,217.1853628,2.670297,1.724573869,1.970296,2.000003996,2.644537
057_210℃_080_2.0mm.csv,2.0,210,80,217.1958731,2.669884,1.725286905,1.969883,2.000015037,2.643792
058_210℃_080_2.0mm.csv,2.0,210,80,217.2280865,2.669986,1.72646427,1.969985,2.000000648,2.644101
059_210℃_080_2.0mm.csv,2.0,210,80,217.1609618,2.669871,1.727645642,1.96987,2.000005683,2.644016
060_210℃_080_2.0mm.csv,2.0,210,80,217.1337128,2.669088,1.726567427,1.969088,2.000009506,2.64325
061_210℃_120_2.0mm.csv,2.0,210,120,218.0551702,2.594818,1.711531937,1.894818,2.000009717,2.572159
062_210℃_120_2.0mm.csv,2.0,210,120,218.3051752,2.594834,1.710035515,1.894834,2.000027151,2.571935
063_210℃_120_2.0mm.csv,2.0,210,120,218.3457702,2.598434,1.710532907,1.898433,2.000026403,2.575511
064_210℃_120_2.0mm.csv,2.0,210,120,218.3943153,2.594199,1.717874257,1.894198,2.0000099,2.571514
065_210℃_120_2.0mm.csv,2.0,210,120,218.4045173,2.594731,1.717237569,1.894731,2.000021615,2.571771
066_210℃_120_2.0mm.csv,2.0,210,120,218.3697113,2.594874,1.720750507,1.894874,2.000017836,2.571839
067_210℃_120_2.0mm.csv,2.0,210,120,218.4201314,2.594553,1.717980209,1.894553,2.000026266,2.571536
068_210℃_120_2.0mm.csv,2.0,210,120,218.3797334,2.598344,1.724392355,1.898344,2.000009527,2.575412
069_210℃_120_2.0mm.csv,2.0,210,120,218.256288,2.594614,1.724210874,1.894614,2.000030121,2.571621
070_210℃_120_2.0mm.csv,2.0,210,120,218.2425734,2.594939,1.722929286,1.894938,2.000037178,2.572134
071_210℃_160_2.0mm.csv,2.0,210,160,219.3870493,2.559647,1.708683625,1.859647,2.000044468,2.53507
072_210℃_160_2.0mm.csv,2.0,210,160,219.5236619,2.558559,1.713634681,1.858559,2.000045147,2.534164
073_210℃_160_2.0mm.csv,2.0,210,160,219.4948998,2.558659,1.716825785,1.858659,2.000003742,2.53463
074_210℃_160_2.0mm.csv,2.0,210,160,219.5332563,2.558704,1.713095577,1.858704,2.000015017,2.534508
075_210℃_160_2.0mm.csv,2.0,210,160,219.4834551,2.559237,1.714995213,1.859237,2.000015196,2.534643
076_210℃_160_2.0mm.csv,2.0,210,160,219.4645569,2.560029,1.713186732,1.860028,2.000041335,2.534814
077_210℃_160_2.0mm.csv,2.0,210,160,219.42974,2.559874,1.718228265,1.859874,2.000031755,2.535397
078_210℃_160_2.0mm.csv,2.0,210,160,219.4220662,2.558664,1.719660845,1.858664,2.000002308,2.534431
079_210℃_160_2.0mm.csv,2.0,210,160,219.3823292,2.558363,1.714240245,1.858363,2.000039917,2.534122
080_210℃_160_2.0mm.csv,2.0,210,160,219.3986576,2.559992,1.718452059,1.859992,2.0000479,2.534902
081_210℃_200_2.0mm.csv,2.0,210,200,220.8808523,2.545577,1.705748983,1.845576,2.000050468,2.512253
082_210℃_200_2.0mm.csv,2.0,210,200,220.9820798,2.546331,1.710644092,1.846331,2.000073443,2.512376
083_210℃_200_2.0mm.csv,2.0,210,200,221.0618291,2.545799,1.71347196,1.845798,2.000005647,2.512417
084_210℃_200_2.0mm.csv,2.0,210,200,221.0142705,2.547151,1.717641217,1.847151,2.00008028,2.512058
085_210℃_200_2.0mm.csv,2.0,210,200,221.0224146,2.550831,1.718699973,1.850831,2.000021099,2.515949
086_210℃_200_2.0mm.csv,2.0,210,200,220.9708437,2.550489,1.720316877,1.850489,2.000008241,2.515969
087_210℃_200_2.0mm.csv,2.0,210,200,221.0051087,2.546717,1.715827142,1.846716,2.000058032,2.512003
088_210℃_200_2.0mm.csv,2.0,210,200,220.996353,2.546263,1.718029038,1.846262,2.000052591,2.511693
089_210℃_200_2.0mm.csv,2.0,210,200,220.9544736,2.543875,1.722250031,1.843875,2.000024671,2.511044
090_210℃_200_2.0mm.csv,2.0,210,200,220.9090362,2.546202,1.724277731,1.846202,2.000009849,2.511265
091_210℃_240_2.0mm.csv,2.0,210,240,222.1622759,2.529926,1.706437232,1.829925,2.000011542,2.496395
092_210℃_240_2.0mm.csv,2.0,210,240,222.4014973,2.528719,1.709015666,1.828718,2.000144573,2.496115
093_210℃_240_2.0mm.csv,2.0,210,240,222.4797307,2.529339,1.711057111,1.829339,2.000101427,2.495894
094_210℃_240_2.0mm.csv,2.0,210,240,222.5255677,2.529797,1.717642098,1.829797,2.000031051,2.495764
095_210℃_240_2.0mm.csv,2.0,210,240,222.3130976,2.529004,1.712488911,1.829004,2.0000945,2.495855
096_210℃_240_2.0mm.csv,2.0,210,240,222.4339032,2.529971,1.712057228,1.82997,2.00010744,2.495965
097_210℃_240_2.0mm.csv,2.0,210,240,222.4614274,2.528753,1.710583836,1.828753,2.00000845,2.495946
098_210℃_240_2.0mm.csv,2.0,210,240,222.4135842,2.529188,1.713866197,1.829188,2.000143412,2.495757
099_210℃_240_2.0mm.csv,2.0,210,240,222.4151704,2.527961,1.715215076,1.827961,2.000125258,2.495942
100_210℃_240_2.0mm.csv,2.0,210,240,222.4250124,2.530814,1.71175375,1.830814,2.000063567,2.495612
101_210℃_280_2.0mm.csv,2.0,210,280,223.3954196,2.516448,1.70790734,1.816448,2.000092007,2.484692
102_210℃_280_2.0mm.csv,2.0,210,280,223.3318281,2.515418,1.709326909,1.815418,2.000078253,2.484469
103_210℃_280_2.0mm.csv,2.0,210,280,223.3609512,2.516696,1.710831429,1.816696,2.000098783,2.484719
104_210℃_280_2.0mm.csv,2.0,210,280,223.3395509,2.516116,1.710009219,1.816116,2.000127699,2.484576
105_210℃_280_2.0mm.csv,2.0,210,280,223.3792162,2.516041,1.71140791,1.816041,2.000152689,2.484394
106_210℃_280_2.0mm.csv,2.0,210,280,223.4289061,2.516164,1.714258685,1.816164,2.000166195,2.484282
107_210℃_280_2.0mm.csv,2.0,210,280,223.4363368,2.515401,1.715823218,1.815401,2.00001127,2.484277
108_210℃_280_2.0mm.csv,2.0,210,280,223.3821868,2.516081,1.713378426,1.816081,2.000146293,2.484253
109_210℃_280_2.0mm.csv,2.0,210,280,223.4141952,2.52073,1.711741066,1.82073,2.000135712,2.488321
110_210℃_280_2.0mm.csv,2.0,210,280,223.409205,2.515523,1.716253512,1.815523,2.000158371,2.484169
111_210℃_320_2.0mm.csv,2.0,210,320,223.8101619,2.506049,1.694564764,1.806049,2.000173494,2.475168
112_210℃_320_2.0mm.csv,2.0,210,320,224.0106788,2.505944,1.703144089,1.805944,2.000079003,2.475305
113_210℃_320_2.0mm.csv,2.0,210,320,224.1039635,2.506727,1.7055515,1.806726,2.000067195,2.474848
114_210℃_320_2.0mm.csv,2.0,210,320,224.1315162,2.506924,1.707120331,1.806923,2.000196762,2.474984
115_210℃_320_2.0mm.csv,2.0,210,320,224.1336666,2.50592,1.709211672,1.805919,2.000082789,2.474919
116_210℃_320_2.0mm.csv,2.0,210,320,224.1173372,2.506085,1.706577511,1.806084,2.000209621,2.475037
117_210℃_320_2.0mm.csv,2.0,210,320,224.0154867,2.506454,1.705851494,1.806453,2.000067239,2.47495
118_210℃_320_2.0mm.csv,2.0,210,320,224.0091943,2.506378,1.712059679,1.806378,2.000089854,2.47526
119_210℃_320_2.0mm.csv,2.0,210,320,223.9341734,2.510253,1.711495268,1.810253,2.000248705,2.479337
120_210℃_320_2.0mm.csv,2.0,210,320,223.9383869,2.505689,1.70828089,1.805689,2.000135231,2.475079
001_230℃_003_2.0mm.csv,2.0,230,3,208.8728503,8.90085,1.575333277,8.20085,2.000004233,8.616475
002_230℃_003_2.0mm.csv,2.0,230,3,209.0948876,8.8553,1.583725109,8.1553,2.000002315,8.568
003_230℃_003_2.0mm.csv,2.0,230,3,209.1977334,8.92699,1.587255247,8.22699,2.000008771,8.63652
004_230℃_003_2.0mm.csv,2.0,230,3,209.2609104,8.87608,1.588039971,8.17608,2.000006197,8.585365
005_230℃_003_2.0mm.csv,2.0,230,3,209.4230915,8.89365,1.592778739,8.19365,2.000005456,8.601765
006_230℃_003_2.0mm.csv,2.0,230,3,209.5938558,8.872935,1.593992429,8.172935,2.000000591,8.579345
007_230℃_003_2.0mm.csv,2.0,230,3,209.5289214,8.87171,1.596335352,8.17171,2.000007228,8.576665
008_230℃_003_2.0mm.csv,2.0,230,3,209.6233319,8.864685,1.601853028,8.164685,2.000009397,8.568595
009_230℃_003_2.0mm.csv,2.0,230,3,209.67281,8.84472,1.602801984,8.14472,2.00000668,8.54836
010_230℃_003_2.0mm.csv,2.0,230,3,209.6984156,8.861695,1.601359294,8.161695,2.000003435,8.56467
011_230℃_005_2.0mm.csv,2.0,230,5,227.2673697,6.24324,1.539742497,5.543235,2.000007676,5.991745
012_230℃_005_2.0mm.csv,2.0,230,5,227.3149851,6.21073,1.536825479,5.51073,2.00000302,5.95961
013_230℃_005_2.0mm.csv,2.0,230,5,227.3026029,6.20116,1.540609261,5.50116,2.000006487,5.949905
014_230℃_005_2.0mm.csv,2.0,230,5,227.2420714,6.21163,1.538030665,5.51163,2.000004132,5.960695
015_230℃_005_2.0mm.csv,2.0,230,5,227.2971696,6.21575,1.542213017,5.51575,2.000005658,5.96435
016_230℃_005_2.0mm.csv,2.0,230,5,227.3559401,6.195705,1.539208638,5.495705,2.000003236,5.94453
017_230℃_005_2.0mm.csv,2.0,230,5,227.3051589,6.199005,1.541226786,5.499005,2.000000529,5.947205
018_230℃_005_2.0mm.csv,2.0,230,5,227.2105316,6.199935,1.544700236,5.499935,2.000010227,5.94854
019_230℃_005_2.0mm.csv,2.0,230,5,227.129566,6.203425,1.547478353,5.503425,2.000003281,5.951295
020_230℃_005_2.0mm.csv,2.0,230,5,227.2335597,6.208425,1.545266245,5.50842,2.000006568,5.956855
021_230℃_010_2.0mm.csv,2.0,230,10,234.656742,4.298182,1.444251435,3.59818,2.000004845,4.165086
022_230℃_010_2.0mm.csv,2.0,230,10,234.6867954,4.285768,1.445933523,3.585768,2.00000935,4.15256
023_230℃_010_2.0mm.csv,2.0,230,10,234.5794277,4.283858,1.447828321,3.583856,2.000009587,4.150614
024_230℃_010_2.0mm.csv,2.0,230,10,234.6183208,4.274272,1.449596135,3.574272,2.000002644,4.141106
025_230℃_010_2.0mm.csv,2.0,230,10,234.5687691,4.285906,1.453904088,3.585904,2.00000868,4.152042
026_230℃_010_2.0mm.csv,2.0,230,10,234.4770143,4.29278,1.458634043,3.592778,2.000008421,4.15853
027_230℃_010_2.0mm.csv,2.0,230,10,234.5514143,4.277278,1.458908911,3.577278,2.000003105,4.142988
028_230℃_010_2.0mm.csv,2.0,230,10,234.6159258,4.273914,1.460079346,3.573912,2.000009555,4.139468
029_230℃_010_2.0mm.csv,2.0,230,10,234.5327946,4.283612,1.463945843,3.58361,2.000007731,4.149198
030_230℃_010_2.0mm.csv,2.0,230,10,234.555713,4.276244,1.460098598,3.576244,2.000000519,4.142338
031_230℃_020_2.0mm.csv,2.0,230,20,235.5535255,3.359525,1.429746739,2.659524,2.000000879,3.290813
032_230℃_020_2.0mm.csv,2.0,230,20,235.5347948,3.355269,1.436521151,2.655268,2.000006157,3.286466
033_230℃_020_2.0mm.csv,2.0,230,20,235.6426835,3.350302,1.441560189,2.650302,2.000001719,3.281209
034_230℃_020_2.0mm.csv,2.0,230,20,235.5224541,3.354897,1.438042755,2.654897,2.000000576,3.285669
035_230℃_020_2.0mm.csv,2.0,230,20,235.5826329,3.350754,1.445206068,2.650754,2.000004664,3.281667
036_230℃_020_2.0mm.csv,2.0,230,20,235.533018,3.358017,1.450849463,2.658017,2.000007018,3.288629
037_230℃_020_2.0mm.csv,2.0,230,20,235.5449228,3.359142,1.449458254,2.659142,2.000009315,3.29001
038_230℃_020_2.0mm.csv,2.0,230,20,235.5386084,3.362475,1.449842856,2.662475,2.000009209,3.293312
039_230℃_020_2.0mm.csv,2.0,230,20,235.4977338,3.362287,1.452426776,2.662287,2.000005139,3.293332
040_230℃_020_2.0mm.csv,2.0,230,20,235.4836847,3.355022,1.453823255,2.655022,2.00000079,3.286182
041_230℃_040_2.0mm.csv,2.0,230,40,235.884782,2.903538,1.475023742,2.203538,2.00001158,2.86418
042_230℃_040_2.0mm.csv,2.0,230,40,236.1116558,2.902929,1.476982659,2.202929,2.000010205,2.863286
043_230℃_040_2.0mm.csv,2.0,230,40,236.129062,2.899173,1.480966476,2.199173,2.000006784,2.859576
044_230℃_040_2.0mm.csv,2.0,230,40,236.1788343,2.898195,1.485190944,2.198195,2.000006527,2.858521
045_230℃_040_2.0mm.csv,2.0,230,40,236.0900465,2.902437,1.489119887,2.202437,2.00000586,2.862643
046_230℃_040_2.0mm.csv,2.0,230,40,236.0234701,2.899778,1.492324554,2.199778,2.000008864,2.860059
047_230℃_040_2.0mm.csv,2.0,230,40,235.9889031,2.898143,1.495487397,2.198143,2.000007915,2.857923
048_230℃_040_2.0mm.csv,2.0,230,40,236.0034639,2.895331,1.497358888,2.19533,2.000014666,2.855276
049_230℃_040_2.0mm.csv,2.0,230,40,235.9236335,2.896975,1.496878202,2.196975,2.0000156,2.856908
050_230℃_040_2.0mm.csv,2.0,230,40,235.9433161,2.89425,1.497373516,2.19425,2.000002489,2.854194
051_230℃_080_2.0mm.csv,2.0,230,80,237.138405,2.670978,1.49393963,1.970978,2.000017105,2.645346
052_230℃_080_2.0mm.csv,2.0,230,80,237.1278459,2.674069,1.493030998,1.974069,2.000037122,2.648387
053_230℃_080_2.0mm.csv,2.0,230,80,237.2362973,2.673262,1.493327757,1.973262,2.000025288,2.647569
054_230℃_080_2.0mm.csv,2.0,230,80,237.2337328,2.674235,1.495608745,1.974235,2.00000346,2.648471
055_230℃_080_2.0mm.csv,2.0,230,80,237.1907299,2.66955,1.497634807,1.96955,2.000006472,2.643693
056_230℃_080_2.0mm.csv,2.0,230,80,237.1412318,2.669243,1.501663112,1.969243,2.000036371,2.643392
057_230℃_080_2.0mm.csv,2.0,230,80,237.1314637,2.670554,1.504222736,1.970554,2.000029189,2.644842
058_230℃_080_2.0mm.csv,2.0,230,80,237.0906015,2.672331,1.506713417,1.972331,2.000038368,2.646398
059_230℃_080_2.0mm.csv,2.0,230,80,237.0543622,2.668163,1.510009424,1.968163,2.000037376,2.642268
060_230℃_080_2.0mm.csv,2.0,230,80,237.090795,2.669395,1.511521689,1.969394,2.000027053,2.643312
061_230℃_120_2.0mm.csv,2.0,230,120,238.1710811,2.594077,1.50091741,1.894077,2.000006071,2.571766
062_230℃_120_2.0mm.csv,2.0,230,120,238.2478787,2.597585,1.501725443,1.897585,2.000007802,2.57539
063_230℃_120_2.0mm.csv,2.0,230,120,238.2878201,2.594097,1.506904831,1.894097,2.000001865,2.571767
064_230℃_120_2.0mm.csv,2.0,230,120,238.2264787,2.592772,1.512423819,1.892772,2.000028685,2.570385
065_230℃_120_2.0mm.csv,2.0,230,120,238.2742588,2.593649,1.51651087,1.893649,2.000013802,2.571212
066_230℃_120_2.0mm.csv,2.0,230,120,238.1886209,2.592767,1.515242571,1.892767,2.000005372,2.570299
067_230℃_120_2.0mm.csv,2.0,230,120,238.1647806,2.593643,1.519061901,1.893642,2.000046617,2.571326
068_230℃_120_2.0mm.csv,2.0,230,120,238.1857877,2.592835,1.519148946,1.892835,2.00005614,2.570326
069_230℃_120_2.0mm.csv,2.0,230,120,238.1223824,2.593758,1.521340436,1.893758,2.000036355,2.571131
070_230℃_120_2.0mm.csv,2.0,230,120,238.1720808,2.593229,1.522486238,1.893229,2.000056129,2.57055
071_230℃_160_2.0mm.csv,2.0,230,160,239.1333203,2.556679,1.498448631,1.856679,2.000078258,2.534712
072_230℃_160_2.0mm.csv,2.0,230,160,239.3017608,2.555134,1.507909746,1.855134,2.000018324,2.533086
073_230℃_160_2.0mm.csv,2.0,230,160,239.308239,2.555646,1.508739538,1.855646,2.00003773,2.533379
074_230℃_160_2.0mm.csv,2.0,230,160,239.2937812,2.555176,1.513571909,1.855176,2.000056979,2.533142
075_230℃_160_2.0mm.csv,2.0,230,160,239.2408235,2.554396,1.515076202,1.854395,2.000036176,2.532508
076_230℃_160_2.0mm.csv,2.0,230,160,239.223141,2.556353,1.519569334,1.856353,2.000021487,2.533963
077_230℃_160_2.0mm.csv,2.0,230,160,239.160083,2.555629,1.520563455,1.855628,2.000018323,2.533516
078_230℃_160_2.0mm.csv,2.0,230,160,239.1811791,2.557611,1.522429297,1.857611,2.000020648,2.534866
079_230℃_160_2.0mm.csv,2.0,230,160,239.1743817,2.556405,1.526354323,1.856405,2.000047967,2.534134
080_230℃_160_2.0mm.csv,2.0,230,160,239.2249136,2.556158,1.525017332,1.856158,2.000079054,2.534034
081_230℃_200_2.0mm.csv,2.0,230,200,240.2907784,2.533753,1.526809728,1.833753,2.000056027,2.510209
082_230℃_200_2.0mm.csv,2.0,230,200,240.3675581,2.535642,1.530142312,1.835641,2.000056223,2.510886
083_230℃_200_2.0mm.csv,2.0,230,200,240.2501877,2.535369,1.532938773,1.835369,2.000037532,2.511358
084_230℃_200_2.0mm.csv,2.0,230,200,240.2722026,2.535305,1.536375185,1.835304,2.000070357,2.511636
085_230℃_200_2.0mm.csv,2.0,230,200,240.2780973,2.535255,1.537851929,1.835255,2.000041203,2.511672
086_230℃_200_2.0mm.csv,2.0,230,200,240.2242141,2.535538,1.540732647,1.835538,2.000011228,2.510808
087_230℃_200_2.0mm.csv,2.0,230,200,240.1991082,2.534583,1.541936229,1.834583,2.000081404,2.510945
088_230℃_200_2.0mm.csv,2.0,230,200,240.198796,2.539948,1.544487134,1.839948,2.000019908,2.515493
089_230℃_200_2.0mm.csv,2.0,230,200,240.2093992,2.536913,1.543859977,1.836912,2.000077495,2.511478
090_230℃_200_2.0mm.csv,2.0,230,200,240.2638988,2.535795,1.542902825,1.835795,2.000032968,2.511606
091_230℃_240_2.0mm.csv,2.0,230,240,241.4083856,2.522767,1.538011336,1.822767,2.000101277,2.495762
092_230℃_240_2.0mm.csv,2.0,230,240,241.5250462,2.523118,1.542854325,1.823117,2.000020939,2.495772
093_230℃_240_2.0mm.csv,2.0,230,240,241.4405449,2.522719,1.546841285,1.822719,2.00006296,2.495857
094_230℃_240_2.0mm.csv,2.0,230,240,241.4018604,2.52485,1.547083429,1.82485,2.000017546,2.495684
095_230℃_240_2.0mm.csv,2.0,230,240,241.4149114,2.52657,1.546778524,1.82657,2.000185988,2.499751
096_230℃_240_2.0mm.csv,2.0,230,240,241.3988031,2.523362,1.548012637,1.823362,2.000124972,2.495256
097_230℃_240_2.0mm.csv,2.0,230,240,241.4359928,2.522357,1.550102856,1.822357,2.00002034,2.4955
098_230℃_240_2.0mm.csv,2.0,230,240,241.4031276,2.522232,1.55072717,1.822232,2.000044092,2.495431
099_230℃_240_2.0mm.csv,2.0,230,240,241.4603076,2.522951,1.551773471,1.822951,2.000177427,2.495907
100_230℃_240_2.0mm.csv,2.0,230,240,241.4196268,2.524274,1.555340413,1.824273,2.00007163,2.495965
101_230℃_280_2.0mm.csv,2.0,230,280,242.4443481,2.506817,1.540698212,1.806817,2.000045237,2.480084
102_230℃_280_2.0mm.csv,2.0,230,280,242.3844923,2.512412,1.545360317,1.812412,2.000178322,2.484345
103_230℃_280_2.0mm.csv,2.0,230,280,242.381611,2.511617,1.549915379,1.811617,2.000188215,2.484366
104_230℃_280_2.0mm.csv,2.0,230,280,242.3653139,2.511312,1.556468986,1.811312,2.000224272,2.484026
105_230℃_280_2.0mm.csv,2.0,230,280,242.3560455,2.51508,1.557369865,1.815079,2.000205544,2.488358
106_230℃_280_2.0mm.csv,2.0,230,280,242.3483779,2.511229,1.558471819,1.811228,2.00028603,2.484171
107_230℃_280_2.0mm.csv,2.0,230,280,242.3545081,2.510885,1.561423591,1.810885,2.000191165,2.483938
108_230℃_280_2.0mm.csv,2.0,230,280,242.3322495,2.511543,1.561602666,1.811543,2.000226476,2.484036
109_230℃_280_2.0mm.csv,2.0,230,280,242.2960826,2.510677,1.564217339,1.810677,2.000138851,2.483957
110_230℃_280_2.0mm.csv,2.0,230,280,242.2718143,2.510909,1.562657839,1.810909,2.000036144,2.483755
111_230℃_320_2.0mm.csv,2.0,230,320,242.9999036,2.501957,1.564555344,1.801957,2.000201428,2.474783
112_230℃_320_2.0mm.csv,2.0,230,320,242.9813188,2.502048,1.565004606,1.802048,2.000035534,2.474618
113_230℃_320_2.0mm.csv,2.0,230,320,242.9409342,2.501454,1.568245,1.801454,2.000220427,2.474715
114_230℃_320_2.0mm.csv,2.0,230,320,242.9471027,2.500788,1.568416468,1.800788,2.000318425,2.474466
115_230℃_320_2.0mm.csv,2.0,230,320,242.897734,2.505685,1.565893807,1.805684,2.000258544,2.479392
116_230℃_320_2.0mm.csv,2.0,230,320,242.9044355,2.501377,1.570582368,1.801376,2.000334479,2.475106
117_230℃_320_2.0mm.csv,2.0,230,320,242.9496501,2.501278,1.573662179,1.801277,2.000229054,2.474729
118_230℃_320_2.0mm.csv,2.0,230,320,242.9824176,2.501712,1.571217168,1.801712,2.000241439,2.474863
119_230℃_320_2.0mm.csv,2.0,230,320,242.8936073,2.50214,1.576953019,1.80214,2.000051677,2.475006
120_230℃_320_2.0mm.csv,2.0,230,320,242.8792533,2.501813,1.58346147,1.801813,2.000305091,2.475069
